0,1,2,3,4,5,6,7,8,9,10,11,12,13,14,15,16,17,18,19,20,21,22,23,24,25,26,27,28,29,30,31,32,33
1,0,1.0,-0.09524,-1.0,-1.0,-1.0,-1.0,1.0,0.31746,0.8134899999999999,0.7619,-1.0,-1.0,-1.0,1.0,0.47364,1.0,1.0,1.0,0.68839,-1.0,-1.0,-1.0,0.82937,0.36508,1.0,1.0,1.0,0.50794,-1.0,-0.3254,-1.0,0.72831
0,0,-1.0,1.0,1.0,-1.0,-1.0,1.0,0.0,0.0,1.0,1.0,-1.0,-0.1875,1.0,1.0,-1.0,-1.0,1.0,-1.0,-1.0,-1.0,1.0,1.0,1.0,-1.0,1.0,1.0,1.0,1.0,0.0,0.0,-1.0,-1.0
1,0,0.10135,0.10811,0.0,0.0,0.0,0.0,0.5473,0.82432,0.31081,1.0,0.0,0.0,0.0,0.0,0.37162,-1.0,0.33108,-1.0,0.0,0.0,0.0,0.0,-0.42568,-1.0,1.0,-1.0,0.55405,-0.23649,0.0,0.0,0.0,0.0
1,0,1.0,0.0738,1.0,0.0342,1.0,-0.05563,1.0,0.08764,1.0,0.19651,1.0,0.20328,1.0,0.12785,1.0,0.10561,1.0,0.27087,1.0,0.44758,1.0,0.4175,1.0,0.20033,1.0,0.36743,0.95603,0.48641,1.0,0.32492,1.0,0.46712
0,0,1.0,-1.0,0.0,0.0,0.0,0.0,1.0,1.0,1.0,-1.0,-0.71875,1.0,0.0,0.0,-1.0,1.0,1.0,1.0,-1.0,1.0,1.0,0.5625,-1.0,1.0,1.0,1.0,1.0,-1.0,1.0,1.0,1.0,1.0
1,0,0.75564,0.49638,0.8355,0.54301,0.54916,0.72063,0.35225,0.70792,0.13469,0.94749,-0.09818,0.93778,-0.37604,0.8222299999999999,-0.52742,0.7116100000000001,-0.68358,0.67989,-0.70163,0.24956,-0.79147,0.02995,-0.98988,-0.29099,-0.70352,-0.32792,-0.63312,-0.19185,-0.34131,-0.60454,-0.19609,-0.62956
1,0,0.25,0.16667,0.46667,0.26667,0.19036,0.23966,0.07766,0.19939,0.0107,0.14922,-0.02367,0.10188,-0.03685,0.06317,-0.03766,0.03458,-0.0323,0.01532,-0.02474,0.00357,-0.01726,-0.00273,-0.01097,-0.00539,-0.00621,-0.00586,-0.00294,-0.0052,-0.00089,-0.0040799999999999,0.00025,-0.00291
1,0,0.95202,0.02254,0.93757,-0.01272,0.93526,0.01214,0.96705,-0.01734,0.96936,0.0052,0.95665,-0.03064,0.9526,-0.00405,0.9948,-0.02659,0.99769,0.01792,0.93584,-0.04971,0.93815,-0.0237,0.97052,-0.04451,0.96215,-0.01647,0.97399,0.01908,0.95434,-0.0341,0.95838,0.00809
1,0,1.0,-0.16316,1.0,-0.10169,0.99999,-0.15197,1.0,-0.19277,0.94055,-0.35151,0.95735,-0.29785,0.93719,-0.34412,0.94486,-0.28106,0.90137,-0.43383,0.8604299999999999,-0.47308,0.8298700000000001,-0.5122,0.8408,-0.47137,0.7622399999999999,-0.5837,0.65723,-0.68794,0.68714,-0.64537,0.64727,-0.6722600000000001
1,0,0.84134,-0.18362,0.43644,0.02919,0.93421,-0.00267,0.8794700000000001,0.13795,0.81121,-0.01789,0.88559,0.54991,0.91714,-0.57486,0.75,-0.2952,0.8667600000000001,-0.20104,1.0,1.0,0.4661,-0.1629,0.90066,-0.02778,0.93358,-0.01158,0.61582,-0.32298,0.8446299999999999,-0.25706,0.93323,-0.01425
1,0,0.0,0.0,1.0,0.12889,0.88444,-0.02,0.0,0.0,1.0,-0.42444,1.0,0.19556,1.0,-0.05333,1.0,-0.8155600000000001,0.0,0.0,1.0,-0.04,1.0,-0.18667,0.0,0.0,1.0,-1.0,0.0,0.0,1.0,0.11778,0.90667,-0.09556
1,0,0.39286,0.52381,-0.7882399999999999,0.11342,-0.1662799999999999,-0.76378,0.66667,0.0119,0.8214299999999999,0.40476,-0.6723,0.30729,-0.34797,-0.63668,0.46429,0.1547599999999999,0.54762,0.05952,-0.5183,0.44961,-0.47651,-0.47594,0.32143,0.70238,0.51971,0.38848,0.57143,0.39286,-0.54891,-0.29915,0.25441,-0.55837
1,0,1.0,-0.01081,1.0,-0.02703,1.0,-0.06486,0.95135,-0.01622,0.98919,-0.03243,0.98919,0.08649,1.0,-0.06486,0.95135,0.09189,0.97838,-0.00541,1.0,0.06486,1.0,0.04324,0.97838,0.09189,0.98556,0.01251,1.0,-0.03243,1.0,0.02703,1.0,-0.07027
1,0,0.0,0.0,-1.0,-1.0,-1.0,1.0,0.0,0.0,-1.0,1.0,1.0,1.0,1.0,-1.0,0.0,0.0,0.0,0.0,-1.0,-1.0,-1.0,1.0,1.0,0.4375,1.0,-1.0,0.0,0.0,-1.0,-1.0,-1.0,1.0
1,0,1.0,0.09771,1.0,0.12197,1.0,0.22574,0.98602,0.09237,0.9493,0.19211,0.92992,0.24288,0.89241,0.28343,0.85529,0.26721,0.8365600000000001,0.33129,0.83393,0.31698,0.74829,0.39597,0.76193,0.34658,0.68452,0.4274600000000001,0.62764,0.4603100000000001,0.56791,0.47033,0.54252,0.50903
1,0,0.97032,-0.14384,0.91324,-0.00228,0.96575,-0.17123,0.9863,0.18265,0.91781,0.00228,0.93607,-0.08447,0.91324,-0.00228,0.8675799999999999,-0.08676,0.97032,-0.21233,1.0,0.10274,0.92009,-0.05251,0.92466,0.06849,0.94043,-0.09252,0.97032,-0.20091,0.85388,-0.08676,0.96575,-0.21918
1,0,0.47938,-0.12371,0.42784,-0.12371,0.70103,-0.39175,0.73196,0.07216,0.26289,-0.21649,0.49485,0.15979,0.45361,-0.1185599999999999,0.42268,0.06186,0.5,-0.2732,0.5463899999999999,0.18557,0.42268,0.08247,0.70619,0.19588,0.53396,-0.12447,0.15464,-0.26289,0.47423,0.04124,0.45361,-0.51546
1,0,1.0,1.0,-1.0,1.0,-1.0,-0.8245600000000001,0.34649,0.21053,0.46053,0.0701799999999999,0.22807,0.05702,0.35088,0.34649,0.72807,-0.03947,0.22807,0.5307,0.0,0.0,-0.29825,-0.16228,1.0,-0.66667,1.0,-1.0,1.0,-0.24561,0.35088,0.20175,0.82895,0.07895
1,0,1.0,-0.06182,1.0,0.02942,1.0,-0.05131,1.0,-0.01707,1.0,-0.11726,0.84493,-0.05202,0.93392,-0.06598,0.6917,-0.07379,0.6573100000000001,-0.20367,0.9491,-0.31558,0.80852,-0.31654,0.8493200000000001,-0.34838,0.72529,-0.29174,0.7309399999999999,-0.38576,0.54356,-0.26284,0.64207,-0.39487
1,0,1.0,-0.08183,1.0,-0.11326,0.99246,-0.29802,1.0,-0.33075,0.96662,-0.34281,0.85788,-0.47265,0.91904,-0.4817,0.7308399999999999,-0.6522399999999999,0.6813100000000001,-0.63544,0.8245,-0.7831600000000001,0.58829,-0.74785,0.67033,-0.96296,0.48757,-0.85669,0.37941,-0.83893,0.24117,-0.88846,0.29221,-0.8962100000000001
1,0,0.74916,0.02549,0.98994,0.09792,0.75855,0.12877,0.7431300000000001,-0.09188,0.95842,0.02482,0.97921,-0.00469,0.9611,0.10195,0.91482,0.03756,0.71026,0.02683,0.81221,-0.08048,1.0,0.0,0.71764,-0.01207,0.82271,0.02552,0.72435,-0.01073,0.90409,0.11066,0.72837,0.0275
1,0,0.61857,0.1085,0.70694,-0.06935,0.70358,0.01678,0.74273,0.00224,0.71029,0.15772,0.7158800000000001,-0.00224,0.7975399999999999,0.066,0.8366899999999999,-0.16555,0.6868,-0.0906,0.6252800000000001,-0.01342,0.6096199999999999,0.11745,0.71253,-0.09508,0.69845,-0.01673,0.6331100000000001,0.0481,0.78859,-0.05145,0.65213,-0.04698
1,0,0.8956299999999999,0.37917,0.67311,0.69438,0.35916,0.8869600000000001,-0.04193,0.93345,-0.38875,0.84414,-0.67274,0.62078,-0.8268,0.30356,-0.8615,-0.05365,-0.73564,-0.34275,-0.51778,-0.62443,-0.23428,-0.73855,0.06911,-0.73856,0.33531,-0.6229600000000001,0.5241399999999999,-0.42086,0.61217,-0.17343,0.60073,0.0866
1,0,0.50466,-0.1689999999999999,0.7144199999999999,0.01513,0.71063,0.02258,0.68065,0.0128199999999999,0.34615,0.05594,0.6905,0.04393,0.68101,0.05058,0.67023,0.05692,0.63403,-0.04662,0.64503,0.06856,0.6307699999999999,0.07381,0.8403299999999999,0.18065,0.59935,0.08304,0.38228,0.0676,0.56466,0.09046,0.54632,0.09346
0,0,-1.0,-1.0,0.0,0.0,0.0,0.0,0.0,0.0,0.0,0.0,0.0,0.0,1.0,-1.0,0.0,0.0,-1.0,-1.0,0.0,0.0,1.0,1.0,1.0,-1.0,1.0,-1.0,0.0,0.0,0.0,0.0,0.0,0.0
0,0,1.0,-1.0,1.0,1.0,1.0,1.0,1.0,1.0,1.0,1.0,1.0,-1.0,1.0,-1.0,1.0,1.0,1.0,-1.0,1.0,1.0,1.0,1.0,1.0,-1.0,1.0,1.0,1.0,-1.0,1.0,1.0,1.0,-1.0
1,0,0.89835,0.35157,0.67333,0.62233,0.43898,0.94353,-0.03643,0.8051,-0.22838,0.75334,-0.25137,0.48816,-0.57377,0.28415,-0.6675,0.10591,-0.47359,-0.0619299999999999,-0.8105600000000001,-0.06011,-0.33197,-0.47592,-0.12897,-0.5362,0.0715799999999999,-0.51925,0.24321,-0.43478,0.36586,-0.30057,0.42805,0.13297
1,0,0.36876,-1.0,-1.0,-1.0,-0.07661,1.0,1.0,0.95041,0.74597,-0.3871,-1.0,-0.79313,-0.09677,1.0,0.48684,0.46502,0.31755,-0.27461,-0.14343,-0.20188,-0.11976,0.06895,0.03021,0.06639,0.03443,-0.01186,-0.00403,-0.01672,-0.00761,0.00108,0.00015,0.00325
1,0,-1.0,-0.59677,0.0,0.0,-1.0,0.6451600000000001,-0.87097,1.0,0.0,0.0,0.0,0.0,0.0,0.0,0.0,0.0,0.0,0.0,-1.0,-1.0,0.0,0.0,0.29839,0.23387,1.0,0.51613,0.0,0.0,0.0,0.0,0.0,0.0
1,0,0.73523,-0.38293,0.8015100000000001,0.10278,0.7882600000000001,0.15266,0.5558,0.05252,1.0,0.21225,0.7194699999999999,0.28954,0.68798,0.32925,0.49672,0.17287,0.6433300000000001,-0.02845,0.57399,0.42528,0.5312,0.44872,0.9453,0.57549,0.44174,0.482,0.12473,1.0,0.3507,0.49721,0.30588,0.49831
1,0,1.0,0.67784,0.81309,0.82021,0.43019,1.0,0.20619,0.8054100000000001,-0.43872,1.0,-0.79135,0.7709199999999999,-1.0,0.40268,-0.39046,-0.58634,-0.97907,-0.42822,-0.73083,-0.76339,-0.37671,-0.97491,0.41366,-1.0,0.41778,-0.93296,0.25773,-1.0,0.9357,-0.35222,0.98816,0.03446
0,0,0.0,0.0,-1.0,-1.0,1.0,1.0,-1.0,1.0,-1.0,1.0,1.0,-1.0,1.0,1.0,-1.0,-1.0,-1.0,1.0,1.0,-1.0,-1.0,1.0,-1.0,1.0,1.0,-1.0,-1.0,1.0,-1.0,-1.0,1.0,-1.0
1,0,0.72727,-0.05,0.89241,0.03462,1.0,0.72727,0.66364,-0.05909,0.48182,-0.16818,0.81809,0.09559,0.56818,1.0,0.50455,0.21818,0.66818,0.1,1.0,-0.3,0.98636,-1.0,0.5727300000000001,0.32727,0.56982,0.14673,0.42273,0.08182,0.48927,0.14643,1.0,1.0
1,0,0.82624,0.08156,0.79078,-0.08156,0.90426,-0.01773,0.92908,0.01064,0.80142,0.08865,0.94681,-0.00709,0.94326,0.0,0.93262,0.20213,0.95035,-0.00709,0.91489,0.00709,0.80496,0.07092,0.91135,0.15957,0.8952700000000001,0.08165,0.7766,0.06738,0.92553,0.18085,0.92553,0.0
1,0,1.0,0.24168,1.0,0.4859,1.0,0.72973,1.0,1.0,1.0,1.0,1.0,1.0,1.0,0.77128,1.0,1.0,1.0,1.0,0.74468,1.0,0.8964700000000001,1.0,0.64628,1.0,0.38255,1.0,0.10819,1.0,-0.1737,1.0,-0.81383,1.0
1,0,1.0,0.11765,1.0,0.23529,1.0,0.41176,1.0,0.05882,1.0,0.23529,1.0,0.11765,1.0,0.47059,1.0,-0.05882,1.0,-0.11765,1.0,0.35294,1.0,0.41176,1.0,-0.11765,1.0,0.20225,1.0,0.05882,1.0,0.35294,1.0,0.23529
1,0,0.32789,0.11042,0.1597,0.29308,0.1402,0.74485,-0.25131,0.91993,-0.1650299999999999,0.26664,-0.6371399999999999,0.24865,-0.9765,-0.00337,-0.23227,-0.19909,-0.30522,-0.48886,-0.14426,-0.89991,0.09345,-0.28916,0.28307,-0.1856,0.39599,-0.11498,0.31005,0.05614,0.21443,0.2054,0.13376,0.2642199999999999
1,0,0.1859,-0.16667,0.0,0.0,0.0,0.0,0.0,0.0,0.0,0.0,0.11538,-0.19071,0.0,0.0,0.0,0.0,0.0,0.0,0.0,0.0,-0.0512799999999999,-0.06571,0.0785299999999999,0.08974,0.1730799999999999,-0.10897,0.125,0.09615,0.02564,-0.04808,0.16827,0.19551
1,0,0.95559,-0.00155,0.86421,-0.13244,0.94982,-0.00461,0.82809,-0.51171,0.92441,0.10368,1.0,-0.14247,0.99264,-0.02542,0.95853,-0.1551799999999999,0.8401299999999999,0.61739,1.0,-0.16321,0.87492,-0.08495,0.85741,-0.01664,0.8413200000000001,-0.01769,0.8242700000000001,-0.01867,0.80634,-0.01957,0.78761,-0.02039
1,0,0.38521,0.15564,0.41245,0.07393,0.26459,0.24125,0.23346,0.1323,0.19455,0.25292,0.24514,0.36965,0.08949,0.22957,-0.03891,0.36965,0.05058,0.24903,0.24903,0.09728,0.07782,0.29961,-0.02494,0.28482,-0.06024,0.26256,-0.14786,0.14786,-0.09339,0.31128,-0.19066,0.28794
1,0,1.0,1.0,1.0,-1.0,1.0,-1.0,1.0,1.0,1.0,1.0,1.0,1.0,1.0,-1.0,1.0,1.0,1.0,1.0,1.0,1.0,1.0,1.0,1.0,1.0,1.0,0.5,0.0,0.0,1.0,-1.0,1.0,-1.0
1,0,0.49515,0.09709,0.29612,0.05825,0.34951,0.0,0.57282,-0.02427,0.5825199999999999,0.02427,0.33495,0.04854,0.52427,0.00485,0.47087,-0.1068,0.43204,0.00485,0.34951,0.05825,0.18932,0.25728,0.31068,-0.15049,0.36547,0.03815,0.3932,0.17476,0.26214,0.0,0.37379,-0.01942
1,0,1.0,1.0,0.0,0.0,1.0,-1.0,-1.0,-1.0,1.0,1.0,1.0,-1.0,0.0,0.0,1.0,-1.0,1.0,1.0,0.0,0.0,1.0,-1.0,-1.0,-1.0,1.0,1.0,-1.0,1.0,-1.0,1.0,0.0,0.0
1,0,0.35346,-0.13768,0.69387,-0.02423,0.68195,-0.03574,0.5571699999999999,-0.06119,0.61836,-0.10467,0.6209899999999999,-0.06527,0.5936100000000001,-0.07289,0.42271,-0.26409,0.58213,0.04992,0.49736,-0.08771,0.46241,-0.08989,0.45008,-0.00564,0.39146,-0.09038,0.35588,-0.1030599999999999,0.32232,-0.08637,0.28943,-0.083
1,0,0.95704,-0.12095,0.63318,-0.1269,0.96365,-0.18242,0.97026,0.0846,0.92003,-0.01124,0.8354299999999999,-0.24719,1.0,-0.31395,0.99273,-0.21216,0.98678,-0.21018,1.0,-0.27165,0.93126,-0.39458,1.0,-0.19233,0.8879299999999999,-0.31565,0.81428,-0.23728,0.89095,-0.31857,0.69531,-0.41573
1,0,0.84557,-0.0858,-0.31745,-0.80553,-0.08961,-0.56435,0.80648,0.04576,0.8951399999999999,-0.00763,-0.18494,0.63966,-0.20019,-0.68065,0.85701,-0.11344,0.77979,-0.15729,-0.06959,0.5081,-0.34128,0.80934,0.78932,-0.03718,0.70882,-0.25288,0.77884,-0.14109,-0.21354,-0.7817,-0.18494,-0.59867
1,0,1.0,-0.41457,1.0,0.76131,0.8706,0.18593,1.0,-0.09925,0.93844,0.4799,0.65452,-0.1608,1.0,0.00879,0.97613,-0.50126,0.80025,-0.24497,0.88065,-0.19095,1.0,-0.12312,0.93593,0.10678,0.9289,-0.07249,1.0,-0.27387,0.4397,0.19849,0.5138199999999999,-0.05402
1,0,0.8777200000000001,-0.08152,0.83424,0.07337,0.84783,0.04076,0.77174,-0.02174,0.77174,-0.05707,0.82337,-0.10598,0.67935,-0.00543,0.8804299999999999,-0.20924,0.83424,0.03261,0.86413,-0.0597799999999999,0.97283,-0.27989,0.85054,-0.1875,0.83705,-0.10211,0.8587,-0.03261,0.78533,-0.1087,0.79076,-0.00543
1,0,1.0,-0.8670100000000001,1.0,0.2228,0.8549200000000001,-0.39896,1.0,-0.1209,1.0,0.35147,1.0,0.07772,1.0,-0.14767,1.0,-1.0,1.0,-1.0,0.61831,0.15803,1.0,0.62349,1.0,-0.17012,1.0,0.35924,1.0,-0.66494,1.0,0.88428,1.0,-0.18826
1,0,1.0,0.09802,1.0,0.25101,0.9839,0.33044,0.80365,0.5302,0.7497699999999999,0.60297,0.5693699999999999,0.71942,0.55311,0.74079,0.29452,0.8219299999999999,0.21137,0.79777,0.09709,0.8216200000000001,-0.01734,0.7987,-0.15144,0.7559600000000001,-0.22839,0.69187,-0.31713,0.60948,-0.40291,0.5452199999999999,-0.42815,0.44534
1,0,1.0,0.11385,0.70019,-0.12144,0.81594,0.09677,0.71157,0.01139,0.56167,-0.0778,0.6907,0.12524,0.58634,0.03985,0.5313100000000001,-0.03416,0.6945,0.16888,0.7267600000000001,0.07211,0.32068,0.05882,0.5332100000000001,0.37381,0.4909,0.17951,0.1518,0.32448,0.44141,0.18897,0.56167,0.1518
1,0,1.0,0.63548,1.0,1.0,0.77123,1.0,-0.33333,1.0,-1.0,1.0,0.0,1.0,-1.0,1.0,-1.0,0.0,-1.0,-0.66667,-1.0,-0.92536,-1.0,-0.33333,-0.33333,-1.0,0.19235,-1.0,1.0,-1.0,0.0,-1.0,1.0,-0.66667
0,0,0.0,0.0,0.0,0.0,0.0,0.0,0.0,0.0,0.0,0.0,0.0,0.0,0.0,0.0,0.0,0.0,0.0,0.0,0.0,0.0,0.0,0.0,0.0,0.0,1.0,1.0,0.0,0.0,0.0,0.0,0.0,0.0
1,0,1.0,0.16195,1.0,-0.05558,1.0,0.01373,1.0,-0.12352,1.0,-0.01511,1.0,-0.01731,1.0,-0.0637399999999999,1.0,-0.07157,1.0,0.059,1.0,-0.10108,1.0,-0.02685,1.0,-0.22978,1.0,-0.06823,1.0,0.08299,1.0,-0.14194,1.0,-0.07439
1,0,1.0,0.45455,1.0,0.54545,0.81818,0.63636,1.0,-0.09091,1.0,0.0,0.81818,-0.45455,0.63636,0.27273,1.0,-0.63636,1.0,-0.27273,0.90909,-0.45455,1.0,0.0775,1.0,-0.09091,1.0,0.08867,1.0,0.36364,1.0,0.63636,0.72727,0.27273
1,0,0.88208,-0.14639,0.93408,-0.11057,0.921,-0.1645,0.88307,-0.1703599999999999,0.8846200000000001,-0.31809,0.85269,-0.31463,0.82116,-0.35924,0.80681,-0.33632,0.75243,-0.47022,0.70555,-0.47153,0.6615,-0.50085,0.61297,-0.48086,0.56804,-0.5462899999999999,0.50179,-0.59854,0.47075,-0.57377,0.42189,-0.58086
1,0,1.0,0.06538,1.0,0.20746,1.0,0.26281,0.93051,0.32213,0.8677299999999999,0.39039,0.75474,0.5008199999999999,0.79555,0.5232100000000001,0.65954,0.60756,0.57619,0.6299899999999999,0.47807,0.67135,0.40553,0.6884,0.34384,0.72082,0.27712,0.7238600000000001,0.19296,0.70682,0.11372,0.72688,0.0699,0.71444
1,0,0.45455,0.09091,0.63636,0.09091,0.27273,0.18182,0.63636,0.0,0.36364,-0.09091,0.45455,-0.09091,0.48612,-0.01343,0.63636,-0.18182,0.45455,0.0,0.36364,-0.09091,0.27273,0.18182,0.36364,-0.09091,0.34442,-0.01768,0.27273,0.0,0.36364,0.0,0.28985,-0.01832
0,0,0.0,0.0,0.0,0.0,0.0,0.0,0.0,0.0,0.0,0.0,0.0,0.0,0.0,0.0,0.0,0.0,0.0,0.0,0.0,0.0,0.0,0.0,0.0,0.0,1.0,-1.0,0.0,0.0,0.0,0.0,0.0,0.0
1,0,0.5894,-0.60927,0.8543,0.55298,0.81126,0.07285,0.56623,0.16225,0.32781,0.24172,0.50331,0.12252,0.63907,0.19868,0.71854,0.42715,0.54305,0.13907,0.65232,0.27815,0.68874,0.07285,0.51872,0.26653,0.49013,0.27687,0.46216,0.28574,0.43484,0.29324,0.40821,0.29942
1,0,1.0,0.0838,1.0,0.17387,1.0,-0.13308,0.98172,0.6452,1.0,0.47904,1.0,0.59113,1.0,0.70758,1.0,0.8277700000000001,1.0,0.95099,1.0,1.0,0.98042,1.0,0.91624,1.0,0.83899,1.0,0.74822,1.0,0.64358,1.0,0.52479,1.0
0,0,-1.0,1.0,0.0,0.0,0.0,0.0,-1.0,1.0,1.0,1.0,0.0,0.0,0.0,0.0,1.0,-1.0,-1.0,1.0,1.0,1.0,0.0,0.0,-1.0,-1.0,1.0,-1.0,1.0,1.0,-1.0,1.0,0.0,0.0
1,0,-0.01864,-0.08459,0.0,0.0,0.0,0.0,0.1147,-0.2681,-0.45663,-0.38172,0.0,0.0,-0.33656,0.38602,-0.37133,0.15018,0.6372800000000001,0.22115,0.0,0.0,0.0,0.0,-0.14803,-0.01326,0.20645,-0.02294,0.0,0.0,0.16595,0.24086,-0.08208,0.38065
1,0,0.99025,-0.05785,0.99793,-0.13009,0.98663,-0.1943,0.99374,-0.25843,0.92738,-0.3013,0.92651,-0.37965,0.89812,-0.43796,0.8492200000000001,-0.52064,0.8743299999999999,-0.57075,0.7901600000000001,-0.59839,0.74725,-0.64615,0.68282,-0.68479,0.65247,-0.73174,0.6101,-0.75353,0.54752,-0.80278,0.49195,-0.83245
0,0,0.0,0.0,1.0,1.0,0.0,0.0,1.0,1.0,0.0,0.0,1.0,-1.0,0.0,0.0,0.0,0.0,0.0,0.0,0.0,0.0,0.0,0.0,0.0,0.0,1.0,-1.0,0.0,0.0,-1.0,1.0,0.0,0.0
1,0,1.0,-0.15899,0.72314,0.27686,0.8344299999999999,-0.5838800000000001,1.0,-0.28207,1.0,-0.49863,0.79962,-0.12527,0.76837,0.1463799999999999,1.0,0.39337,1.0,0.2659,0.96354,-0.01891,0.92599,-0.91338,1.0,0.14803,1.0,-0.11582,1.0,-0.11129,1.0,0.53372,1.0,-0.57758
1,0,1.0,-0.03365,1.0,0.00485,1.0,-0.12062,0.88965,0.01198,0.73082,0.05346,0.8544299999999999,0.00827,0.54591,0.00299,0.83775,-0.13644,0.75535,-0.0854,0.70887,-0.27502,0.43385,-0.12062,0.57528,-0.4022,0.5898399999999999,-0.22145,0.431,-0.17365,0.60436,-0.2418,0.56045,-0.38238
1,0,0.88179,0.43491,0.59573,0.77655,0.19672,0.94537,-0.24103,0.92544,-0.62526,0.71257,-0.8644299999999999,0.33652,-0.92384,-0.05338,-0.77356,-0.44707,-0.4695,-0.73285,-0.10237,-0.8221700000000001,0.26384,-0.7757,0.55984,-0.5591,0.72147,-0.24433,0.72478,0.09599,0.5813699999999999,0.38915,0.34749,0.5765600000000001
1,0,0.46785,0.11308,0.5898,0.00665,0.55432,0.06874,0.47894,-0.13969,0.52993,0.0133,0.63858,-0.16186,0.6784899999999999,-0.03326,0.54545,-0.13525,0.52993,-0.04656,0.47894,-0.19512,0.50776,-0.13525,0.41463,-0.20177,0.5393,-0.11455,0.59867,-0.02882,0.53659,-0.11752,0.56319,-0.04435
1,0,0.29202,0.13582,0.4533100000000001,0.16808,0.51783,-0.00509,0.52632,0.20883,0.52462,-0.16638,0.4736800000000001,-0.04754,0.55518,0.03905,0.8166399999999999,-0.22411,0.42445,-0.04244,0.34975,0.06621,0.28183,-0.20883,0.51731,-0.03176,0.50369,-0.03351,0.34635,0.09847,0.70798,-0.01868,0.39559,-0.03226
1,0,0.05866,-0.00838,0.06704,0.00838,0.0,-0.01117,0.00559,-0.03911,0.01676,-0.07542,-0.00559,0.05307,0.06425,-0.03352,0.0,0.09497,-0.06425,0.07542,-0.04749,0.02514,0.02793,-0.00559,0.00838,0.00559,0.10335,-0.00838,0.03073,-0.00279,0.04469,0.0,0.04749,-0.03352
1,0,0.8527100000000001,0.05426,1.0,0.08069,1.0,1.0,0.91473,-0.00775,0.83721,0.03876,1.0,0.27153,1.0,1.0,0.81395,0.04651,0.90698,0.11628,1.0,0.5067,1.0,-1.0,0.8062,0.03876,1.0,0.71613,0.84496,0.06977,1.0,0.8731700000000001,1.0,1.0
1,0,0.98182,0.0,0.8862700000000001,0.03131,0.86249,0.04572,0.8,0.0,0.69091,0.04545,0.79343,0.08436,0.77118,0.09579,0.62727,0.25455,0.68182,0.12727,0.7067399999999999,0.12608,0.68604,0.13493,0.74545,0.22727,0.64581,0.15088,0.67273,0.02727,0.60715,0.16465,0.5884,0.17077
1,0,0.89505,-0.03168,0.87525,0.05545,0.89505,0.01386,0.92871,0.02772,0.91287,-0.0099,0.94059,-0.01584,0.91881,0.03366,0.93663,0.0,0.94257,0.01386,0.90495,0.00792,0.88713,-0.01782,0.89307,0.02376,0.89002,0.01611,0.8811899999999999,0.00198,0.8732700000000001,0.04158,0.8673299999999999,0.02376
1,0,0.66161,-1.0,1.0,1.0,1.0,-0.6732100000000001,0.80893,-0.40446,1.0,-1.0,1.0,-0.89375,1.0,0.73393,0.17589,0.70982,1.0,0.78036,1.0,0.8526799999999999,1.0,-1.0,1.0,0.85357,1.0,-0.08571,0.95982,-0.3625,1.0,0.65268,1.0,0.34732
1,0,0.47337,0.19527,0.06213,-0.18343,0.62316,0.01006,0.45562,-0.04438,0.56509,0.01775,0.44675,0.27515,0.7159800000000001,-0.03846,0.55621,0.12426,0.4142,0.11538,0.52767,0.02842,0.51183,-0.10651,0.47929,-0.02367,0.46514,0.03259,0.5355,0.25148,0.31953,-0.14497,0.34615,-0.00296
1,0,0.51207,1.0,1.0,0.5381,0.71178,0.80833,0.45622,0.46427,0.33081,1.0,0.21249,1.0,-0.1741599999999999,1.0,-0.33081,0.98722,-0.61382,1.0,-0.52674,0.71699,-0.885,0.47894,-1.0,0.35175,-1.0,0.09569,-1.0,-0.16713,-1.0,-0.42226,-0.91903,-0.65557
1,0,0.4736800000000001,-0.10526,0.83781,0.01756,0.83155,0.02615,0.68421,-0.05263,0.68421,0.0,0.79856,0.05028,0.78315,0.05756,0.84211,0.4736800000000001,1.0,0.05263,0.7255,0.07631,0.70301,0.08141,0.42105,0.21053,0.6541899999999999,0.08968,0.52632,-0.21053,0.6015,0.09534,0.57418,0.09719
1,0,0.99449,0.00526,0.8408200000000001,-0.11313,0.8823700000000001,-0.1643099999999999,0.99061,-0.06257,0.96484,-0.07496,0.85221,0.02966,0.87161,-0.20848,0.93881,-0.12977,0.98298,-0.08935,0.89876,0.00075,0.87836,-0.05882,0.93368,-0.19872,0.87579,-0.17806,0.94294,-0.16581,0.80253,-0.25741,0.76586,-0.27794
1,0,0.8703200000000001,0.46972,0.53945,0.8216100000000001,0.1038,0.95275,-0.38033,0.87916,-0.73939,0.58226,-0.92099,0.16731,-0.8241700000000001,-0.24942,-0.59383,-0.63342,-0.24012,-0.82881,0.18823,-0.78699,0.51557,-0.5743,0.6927399999999999,-0.24843,0.69097,0.10484,0.52798,0.39762,0.25974,0.5657300000000001,-0.0673899999999999,0.57552
1,0,0.99701,0.21677,0.91966,0.4703,0.76902,0.62415,0.5331199999999999,0.7812,0.36774,0.8829100000000001,0.10107,0.8331200000000001,-0.06827,0.89274,-0.28269,0.72073,-0.43707,0.61688,-0.55769,0.4812,-0.65,0.35534,-0.64658,0.15908,-0.66651,0.02277,-0.64872,-0.13462,-0.54615,-0.22949,-0.47201,-0.35032
1,0,0.93669,-0.0019,0.60761,0.43204,0.92314,-0.40129,0.93123,0.16828,0.96197,0.09061,0.99676,0.08172,0.91586,0.05097,0.8462799999999999,-0.25324,0.87379,-0.14482,0.8487100000000001,0.26133,0.7508100000000001,-0.03641,0.84547,-0.02589,0.8729299999999999,-0.02302,0.98544,0.09385,0.78317,-0.10194,0.85841,-0.14725
1,0,1.0,-1.0,0.0,0.0,0.77941,-0.99265,0.80882,0.55147,-0.41912,-0.94853,0.0,0.0,0.0,0.0,0.72059,-0.7720600000000001,0.73529,-0.6029399999999999,0.0,0.0,0.18382,-1.0,-1.0,-1.0,-1.0,-1.0,1.0,-1.0,1.0,-1.0,0.0,0.0
1,0,0.92436,0.36924,0.7197600000000001,0.6842,0.29303,0.94078,-0.11108,0.76527,-0.31605,0.92453,-0.6661600000000001,0.78766,-0.92145,0.42314,-0.94315,0.09585,-1.0,0.03191,-0.6643100000000001,-0.66278,-0.4601,-0.78174,-0.1348599999999999,-0.88082,0.19765,-0.8513700000000001,0.48904,-0.7024699999999999,0.69886,-0.46048,0.76066,-0.13194
1,0,0.8225399999999999,-0.07572,0.80462,0.00231,0.8751399999999999,-0.01214,0.86821,-0.07514,0.72832,-0.11734,0.84624,0.05029,0.83121,-0.07399,0.74798,0.06705,0.7832399999999999,0.06358,0.8676299999999999,-0.0237,0.7884399999999999,-0.06012,0.74451,-0.0237,0.76717,-0.02731,0.74046,-0.0763,0.70058,-0.0422,0.7843899999999999,0.01214
1,0,1.0,0.05149,0.99363,0.10123,0.96142,0.14756,0.95513,-0.26496,0.6602600000000001,0.54701,0.8042600000000001,0.25283,0.7378100000000001,0.2738,0.66775,0.28714,0.59615,0.29304,0.52494,0.292,0.45582,0.28476,0.39023,0.27226,0.3293,0.25553,0.27381,0.23568,0.22427,0.21378,0.18086,0.19083
1,0,0.39394,-0.24242,0.62655,0.0127,0.45455,0.09091,0.63636,0.09091,0.21212,-0.21212,0.57576,0.15152,0.39394,0.0,0.5615600000000001,0.04561,0.51515,0.0303,0.78788,0.18182,0.30303,-0.15152,0.48526,0.05929,0.46362,0.06142,0.33333,-0.0303,0.41856,0.0641,0.39394,0.24242
1,0,0.25316,0.35949,0.0,0.0,-0.2962,-1.0,0.0,0.0,0.07595,-0.07342,0.0,0.0,0.0,0.0,0.0,0.0,0.0,0.0,0.00759,0.68101,-0.2,0.33671,-0.1038,0.35696,0.0557,-1.0,0.0,0.0,0.06329,-1.0,0.0,0.0
0,0,0.0,0.0,1.0,1.0,1.0,1.0,0.0,0.0,0.0,0.0,-1.0,-1.0,0.0,0.0,-1.0,-1.0,0.0,0.0,0.0,0.0,1.0,1.0,0.0,0.0,1.0,1.0,0.0,0.0,-1.0,1.0,0.0,0.0
1,0,0.61538,0.18923,0.78157,0.0178,0.77486,0.02647,0.65077,-0.10308,0.7753800000000001,0.08,0.73961,0.0506,0.72322,0.05776,0.68615,-0.0892299999999999,0.61692,0.16308,0.66233,0.0757299999999999,0.63878,0.08041,0.60154,-0.07231,0.58803,0.08767,0.55077,0.25692,0.53389,0.09207,0.5060899999999999,0.09322
1,0,0.94649,0.00892,0.97287,-0.0026,0.98922,0.00372,0.95801,0.01598,0.94054,0.0353,0.97213,0.04719,0.98625,0.01858,0.94277,0.07135,0.98551,-0.00706,0.9777,0.0498,0.96358,0.07098,0.93274,0.08101,0.95243,0.04356,0.97473,0.00818,0.97845,0.07061,1.0,-0.0026
1,0,1.0,0.0801299999999999,0.96775,-0.00482,0.96683,-0.00722,0.8798,-0.03923,1.0,0.01419,0.96186,-0.01436,0.95947,-0.01671,0.98497,0.01002,0.91152,-0.0884799999999999,0.95016,-0.02364,0.94636,-0.02591,0.98164,0.02003,0.93772,-0.03034,1.0,-0.05843,0.92774,-0.03464,0.92226,-0.03673
1,0,0.8668899999999999,0.3595,0.72014,0.66667,0.37201,0.83049,0.08646,0.85893,-0.24118,0.86121,-0.51763,0.67577,-0.68714,0.41524,-0.7701899999999999,0.09898,-0.69397,-0.13652,-0.49488,-0.42207,-0.32537,-0.5767899999999999,-0.02844,-0.59954,0.1536,-0.53127,0.32309,-0.37088,0.46189,-0.19681,0.40956,0.0182
1,0,0.76046,0.01092,0.86335,0.00258,0.85821,0.00384,0.79988,0.02304,0.81504,0.12068,0.83096,0.00744,0.81815,0.00854,0.8277700000000001,-0.06974,0.76531,0.03881,0.76979,0.01148,0.75071,0.01232,0.7713800000000001,-0.00303,0.70886,0.01375,0.66161,0.00849,0.66298,0.01484,0.6388699999999999,0.01525
1,0,1.0,-0.18829,0.93035,-0.36156,-0.10868,-0.93597,1.0,-0.04549,0.50874,-0.67743,0.34432,-0.69707,-0.51685,-0.97515,0.05499,-0.62237,0.33109,-1.0,-0.13151,-0.4529999999999999,-0.18056,-0.35734,-0.20332,-0.26569,-0.20468,-0.18401,-0.1904,-0.11593,-0.16626,-0.0628799999999999,-0.13738,-0.02447
1,0,1.0,-1.0,1.0,1.0,1.0,1.0,1.0,-0.5,1.0,1.0,1.0,1.0,1.0,1.0,0.0,0.0,1.0,1.0,1.0,1.0,1.0,-1.0,1.0,1.0,1.0,0.625,1.0,-0.75,-0.75,1.0,1.0,1.0
1,0,1.0,-0.37838,0.64865,0.2973,0.64865,-0.24324,0.8648600000000001,0.18919,1.0,-0.2702699999999999,0.51351,0.0,0.62162,-0.05405,0.32432,-0.21622,0.71833,-0.1766599999999999,0.62162,0.05405,0.75676,0.13514,0.35135,-0.2973,0.61031,-0.22163,0.58478,-0.23027,0.72973,-0.59459,0.51351,-0.24324
1,0,0.4709,0.22751,0.4232800000000001,0.33598,0.25661,0.47619,0.01852,0.49471,-0.02116,0.53968,-0.34127,0.31217,-0.4127,0.3254,-0.5158699999999999,0.06878,-0.5,-0.1164,-0.14815,-0.1455,-0.14815,-0.38095,-0.2328,0.00265,0.03574,-0.31739,0.1587299999999999,-0.21693,0.24868,-0.24339,0.2672,0.04233
0,0,-1.0,-1.0,1.0,1.0,1.0,-1.0,-1.0,1.0,1.0,-1.0,-1.0,-1.0,0.0,0.0,1.0,1.0,-1.0,-1.0,1.0,-1.0,1.0,-1.0,1.0,1.0,1.0,-1.0,1.0,-1.0,-1.0,1.0,1.0,-1.0
1,0,1.0,0.00433,1.0,-0.01209,1.0,-0.0296,1.0,-0.07014,0.97839,-0.06256,1.0,-0.06544,0.97261,-0.07917,0.92561,-0.13665,0.94184,-0.14327,0.99589,-0.14248,0.94815,-0.13565,0.89469,-0.20851,0.8906700000000001,-0.17909,0.85644,-0.18552,0.8377700000000001,-0.20101,0.83867,-0.20766
1,0,0.95659,0.08143,0.97487,-0.05667,0.97165,-0.08484,0.96097,-0.06561,0.94717,0.01279,0.95436,-0.16795,0.94612,-0.19497,0.9963,-0.32268,0.90343,-0.35902,0.91428,-0.27316,0.9014,-0.29807,0.99899,-0.40747,0.87244,-0.34586,0.92059,-0.30619,0.8395100000000001,-0.39061,0.8216600000000001,-0.41173
0,0,1.0,1.0,0.0,0.0,1.0,-1.0,1.0,-1.0,1.0,1.0,1.0,1.0,1.0,-1.0,1.0,1.0,1.0,1.0,1.0,-1.0,-1.0,-1.0,1.0,-1.0,1.0,-1.0,1.0,1.0,0.0,0.0,1.0,-1.0
1,0,0.42708,-0.5,0.0,0.0,0.0,0.0,0.46458,0.51042,0.58958,0.02083,0.0,0.0,0.0,0.0,0.16458,-0.45417,0.59167,-0.18333,0.0,0.0,0.0,0.0,0.9875,-0.40833,-1.0,-1.0,-0.27917,-0.75625,0.0,0.0,0.0,0.0
1,0,0.67065,0.02528,0.6662600000000001,0.05031,0.57197,0.18761,0.08776,0.34081,0.63621,0.12131,0.6209899999999999,0.14285,0.78637,0.10976,0.58373,0.18151,0.14395,0.41224,0.53888,0.21326,0.5142,0.22625,0.48838,0.23724,0.46167,0.24618,0.43433,0.25306,0.40663,0.25792,1.0,0.33036
1,0,1.0,0.04078,1.0,0.11982,1.0,0.16159,1.0,0.27921,0.98703,0.30889,0.92745,0.37639,0.91118,0.39749,0.81939,0.46059,0.7861899999999999,0.46994,0.794,0.56282,0.70331,0.58129,0.67077,0.59723,0.58903,0.6099,0.53952,0.60932,0.45312,0.63636,0.40442,0.62658
1,0,1.0,0.02461,0.99672,0.04861,0.97545,0.07143,0.61745,-1.0,0.91036,0.11147,0.8846200000000001,0.5364,0.8207700000000001,0.14137,0.7692899999999999,0.15189,1.0,0.41003,0.6585,0.16371,0.60138,0.16516,0.54446,0.1639,0.48867,0.16019,0.43481,0.15436,0.38352,0.14677,1.0,1.0
1,0,0.89589,0.39286,0.6612899999999999,0.71804,0.29521,0.90824,-0.04787,0.94415,-0.45725,0.84605,-0.7766,0.58511,-0.92819,0.25133,-0.92282,-0.15315,-0.76064,-0.48404,-0.50931,-0.76197,-0.14895,-0.8859100000000001,0.21581,-0.85703,0.5322899999999999,-0.68593,0.74846,-0.40656,0.83142,-0.0702899999999999,0.76862,0.27926
1,0,0.74449,-0.0239,0.70772,0.0330899999999999,0.72243,0.16912,0.79228,0.07721,0.81434,0.43934,0.6378699999999999,0.00551,0.70772,0.21691,1.0,0.06066,0.61029,0.05147,0.6746300000000001,0.04228,0.52022,-0.25,0.72978,-0.15809,0.61727,0.07124,0.30882,0.0864,0.55916,0.07458,0.6029399999999999,0.21691
1,0,0.92247,-0.19448,0.96419,-0.17674,0.87024,-0.22602,0.81702,-0.2707,0.79271,-0.28909,0.70302,-0.49639,0.63338,-0.49967,0.37254,-0.70729,0.2707,-0.72109,0.40506,-0.54172,0.33509,-0.59691,0.1475,-0.6360100000000001,0.09312,-0.5958899999999999,-0.07162,-0.54928,-0.0184,-0.54074,-0.07457,-0.47898
1,0,0.97513,0.0071,0.98579,0.01954,1.0,0.01954,0.9929,0.01599,0.95737,0.02309,0.97158,0.03552,1.0,0.0373,0.97869,0.02131,0.98579,0.05684,0.97158,0.04796,0.94494,0.05506,0.98401,0.03552,0.9754,0.06477,0.94849,0.08171,0.99112,0.06217,0.98934,0.09947
1,0,0.92308,0.1545099999999999,0.8639899999999999,0.29757,0.72582,0.3679,0.7058800000000001,0.5683,0.57449,0.6271899999999999,0.4327,0.7467600000000001,0.31705,0.67697,0.19128,0.76818,0.04686,0.76171,-0.12064,0.76969,-0.18479,0.71327,-0.29291,0.65708,-0.38798,0.58553,-0.46799,0.50131,-0.53146,0.40732,-0.5623100000000001,0.35095
1,0,0.08696,0.00686,0.13959,-0.04119,0.10526,-0.08238,0.12586,-0.06178,0.23341,-0.01144,0.12357,0.0778,0.14645,-0.13501,0.29062,-0.04805,0.18993,0.0732299999999999,0.1167,0.0,0.11213,-0.00229,0.15103,-0.10297,0.08467,0.01373,0.11213,-0.06636,0.09611,-0.0732299999999999,0.1167,-0.06865
1,0,0.79847,0.38265,0.80804,-0.16964,1.0,-0.07653,0.98151,-0.0739799999999999,0.70217,0.20663,0.99745,0.02105,0.98214,0.02487,1.0,-0.13074,0.95663,0.07717,1.0,0.00191,0.90306,0.30804,1.0,-0.1454099999999999,1.0,-0.00394,0.75638,0.07908,1.0,-0.1875,1.0,-0.0574
1,0,1.0,0.0352899999999999,1.0,0.18281,1.0,0.26968,1.0,0.25068,1.0,0.28778,1.0,0.38643,1.0,0.31674,1.0,0.65701,1.0,0.53846,1.0,0.6126699999999999,1.0,0.5945699999999999,0.8959299999999999,0.6832600000000001,0.89502,0.7137399999999999,0.85611,0.6714899999999999,0.7438899999999999,0.85611,0.7149300000000001,0.75837
0,0,1.0,-1.0,1.0,1.0,-1.0,-1.0,1.0,-1.0,0.0,0.0,0.0,0.0,-1.0,1.0,1.0,-1.0,1.0,-1.0,-0.75,1.0,1.0,-1.0,1.0,-1.0,1.0,-1.0,-1.0,-1.0,0.0,0.0,1.0,-1.0
1,0,0.5984,0.40332,0.82809,0.80521,0.7600100000000001,0.70709,0.8401,-0.10984,0.97311,0.07981,0.95824,-0.8572700000000001,0.91962,0.88444,0.95452,-0.05206,0.8867299999999999,0.18135,0.98484,-0.69594,0.8667,-0.85755,0.28604,-0.30063,1.0,0.17076,0.62958,0.42677,0.8775700000000001,0.81007,0.81979,0.6882199999999999
1,0,1.0,0.5,1.0,0.25,0.25,1.0,0.16851,0.9118,-0.1333599999999999,0.8045399999999999,-0.34107,0.60793,-0.4382,0.37856,-0.43663,0.16709,-0.36676,0.00678,-0.26477,-0.09025,-0.16178,-0.12964,-0.07782,-0.12744,-0.02089,-0.10242,0.01033,-0.07036,0.02224,-0.04142,0.02249,-0.02017
0,0,0.0,0.0,0.0,0.0,0.0,0.0,1.0,1.0,1.0,1.0,0.0,0.0,0.0,0.0,-0.375,-1.0,-1.0,-1.0,0.0,0.0,0.0,0.0,-1.0,-1.0,-1.0,-1.0,-1.0,1.0,1.0,0.0,0.0,0.0
1,0,0.6,0.03333,0.6333300000000001,0.06667,0.7,0.06667,0.7,0.0,0.6333300000000001,0.0,0.8,0.0,0.73333,0.0,0.7,0.1,0.66667,0.1,0.73333,-0.03333,0.76667,0.0,0.6333300000000001,0.13333,0.65932,0.10168,0.6,0.13333,0.6,0.16667,0.6333300000000001,0.16667
1,0,0.90374,-0.01604,1.0,0.08021,1.0,0.01604,0.93048,0.00535,0.93583,-0.01604,1.0,0.0,1.0,0.06417,1.0,0.04813,0.91444,0.04278,0.96791,0.02139,0.9893,-0.01604,0.96257,0.0534799999999999,0.96974,0.04452,0.8770100000000001,0.0107,1.0,0.09091,0.97861,0.06417
0,0,1.0,1.0,0.0,0.0,0.0,0.0,-1.0,-1.0,0.0,0.0,0.0,0.0,-1.0,-1.0,-1.0,-1.0,-1.0,1.0,-1.0,1.0,0.0,0.0,0.0,0.0,1.0,-1.0,-1.0,1.0,-1.0,1.0,-1.0,1.0
1,0,0.8378899999999999,0.42904,0.72113,0.58385,0.45625,0.78115,0.1647,0.82732,-0.13012,0.8694700000000001,-0.46177,0.78497,-0.59435,0.5207,-0.7847,0.26529,-0.84014,0.03928,-0.62041,-0.31351,-0.47412,-0.48905,-0.37298,-0.67796,-0.05054,-0.6269100000000001,0.1469,-0.45911,0.37093,-0.39167,0.48319,-0.24313
1,0,0.8704799999999999,0.38027,0.64099,0.69212,0.31347,0.86625,-0.03933,0.9074,-0.42173,0.79346,-0.7056100000000001,0.5156,-0.8104899999999999,0.22735,-0.8113600000000001,-0.12539,-0.67474,-0.38102,-0.38334,-0.62861,-0.13013,-0.70762,0.15552,-0.6642100000000001,0.38544,-0.51568,0.52573,-0.29897,0.56239,-0.05938,0.5146,0.16645
1,0,0.5,0.0,0.38696,0.10435,0.4913,0.06522,0.46957,-0.03913,0.35652,-0.12609,0.45652,0.04783,0.50435,0.02609,0.35652,0.19565,0.42174,0.14783,0.42174,-0.02609,0.32174,-0.11304,0.4739100000000001,-0.0087,0.41789,0.0690799999999999,0.38696,0.03913,0.35217,0.14783,0.44783,0.1739099999999999
1,0,0.85736,0.00075,0.81927,-0.05676,0.7752100000000001,-0.04182,0.8431700000000001,0.09037,0.8625799999999999,0.11949,0.88051,-0.06124,0.78342,0.0351,0.83719,-0.06796,0.8357,-0.1419,0.88125,0.01195,0.90515,0.0224,0.79686,-0.01942,0.82383,-0.03678,0.88125,-0.06423,0.73936,-0.01942,0.79089,-0.09186
0,0,1.0,1.0,1.0,-1.0,0.0,0.0,0.0,0.0,1.0,1.0,1.0,1.0,-1.0,-1.0,1.0,-1.0,-1.0,1.0,0.0,0.0,1.0,-1.0,1.0,-1.0,1.0,1.0,-1.0,-1.0,0.0,0.0,0.0,0.0
1,0,0.90932,0.08791,0.8652799999999999,0.16888,1.0,0.16598,0.55187,0.6815399999999999,0.70207,0.36719,0.16286,0.42739,0.5762,0.4608600000000001,0.51067,0.49618,0.31639,0.12967,0.37824,0.54462,0.31274,0.5582600000000001,0.24856,0.5652699999999999,0.18626,0.56605,0.12635,0.56101,0.06927,0.55061,0.12137,0.6773899999999999
1,0,1.0,1.0,1.0,-1.0,0.0,0.0,0.0,0.0,1.0,1.0,1.0,-1.0,1.0,1.0,1.0,-1.0,0.0,0.0,0.0,0.0,1.0,-0.27778,0.0,0.0,1.0,-1.0,1.0,1.0,1.0,-1.0,0.0,0.0
1,0,0.64947,-0.07896,0.5826399999999999,-0.1438,-0.13129,-0.21384,0.29796,0.04403,0.38096,-0.26339,0.28931,-0.31997,0.03459,-0.18947,0.20269,-0.29441,0.1519599999999999,-0.29052,0.09513,-0.31525,0.06556,-0.26795,0.03004,-0.25124,-0.00046,-0.2321,-0.02612,-0.21129,-0.04717,-0.1895,0.01336,-0.27201
1,0,-1.0,-1.0,-0.50694,1.0,1.0,-1.0,1.0,0.53819,0.0,0.0,0.23958,-1.0,1.0,1.0,0.0,0.0,1.0,1.0,1.0,1.0,0.0,0.0,-0.71528,1.0,0.33333,-1.0,1.0,-1.0,0.69792,-1.0,0.47569,1.0
1,0,0.0,0.0,0.0,0.0,0.0,0.0,-1.0,1.0,0.0,0.0,1.0,0.37333,-0.12,-0.12,0.0,0.0,-1.0,-1.0,0.0,0.0,1.0,-1.0,0.0,0.0,1.0,0.22667,0.0,0.0,0.0,0.0,0.0,0.0
1,0,1.0,-0.92453,1.0,0.75472,0.49057,-0.0566,0.62264,0.0,1.0,-0.00054,0.45283,0.07547,0.62264,-0.0566,0.98878,-0.00085,0.5283,0.0,0.5283,0.07547,0.9519,-0.00112,1.0,0.79245,0.92192,-0.00128,0.9434,-1.0,1.0,0.43396,0.43396,-0.11321
1,0,0.95113,0.00419,0.95183,-0.02723,0.93438,-0.0192,0.9459,0.0160599999999999,0.9651,0.03281,0.94171,0.0733,0.94625,-0.01326,0.97173,0.0014,0.94834,0.06038,0.9267,0.08412,0.93124,0.10087,0.9452,0.01361,0.93522,0.04925,0.93159,0.0816799999999999,0.94066,-0.00035,0.91483,0.04712
1,0,0.81143,0.03714,0.8514299999999999,-0.00143,0.79,0.00714,0.79571,-0.04286,0.87571,0.0,0.8557100000000001,-0.0671399999999999,0.86429,0.00286,0.82857,-0.05429,0.81,-0.11857,0.76857,-0.08429,0.84286,-0.05,0.77,-0.06857,0.81598,-0.08669,0.82571,-0.10429,0.81429,-0.05,0.8214299999999999,-0.15143
1,0,0.17188,-1.0,-1.0,1.0,0.0,0.0,0.0,0.0,-1.0,1.0,0.0,0.0,-0.61354,-0.67708,0.80521,0.36146,0.51979,0.14375,0.0,0.0,-1.0,-0.27083,-0.8479200000000001,0.9625,1.0,1.0,-1.0,0.67708,0.0,0.0,0.0,0.0
1,0,1.0,0.01105,1.0,0.01105,1.0,0.0232,0.99448,-0.01436,0.99448,-0.00221,0.98343,0.0232,1.0,0.00884,0.97569,0.00773,0.97901,0.0165699999999999,0.98011,0.00663,0.98122,0.02099,0.97127,-0.00663,0.98033,0.016,0.97901,0.01547,0.98564,0.02099,0.98674,0.02762
1,0,1.0,-0.06604,1.0,0.62937,1.0,0.09557,1.0,0.2028,1.0,-1.0,1.0,-0.40559,1.0,-0.1585099999999999,1.0,0.04895,1.0,-0.61538,1.0,-0.26573,1.0,-1.0,1.0,-0.5804199999999999,1.0,-0.81372,1.0,-1.0,1.0,-0.78555,1.0,-0.48252
1,0,1.0,-0.02401,0.9414,0.06531,0.92106,-0.23255,0.77152,-0.16399,0.52798,-0.20275,0.56409,-0.00712,0.34395,-0.27457,0.5294,-0.2178,0.45107,-0.1781299999999999,0.05982,-0.35575,0.02309,-0.52879,0.03286,-0.65158,0.1329,-0.5320600000000001,0.02431,-0.62197,-0.05707,-0.59573,-0.04608,-0.6569699999999999
1,0,0.39179,-0.06343,0.97464,0.04328,1.0,1.0,0.35821,0.15299,0.54478,0.1306,0.6156699999999999,-0.8209,0.57836,0.6791,0.66791,-0.10448,0.46642,-0.11567,0.65574,0.14792,0.83209,0.45522,0.47015,0.16418,0.49309,0.1463,0.32463,-0.02612,0.39118,0.13521,0.34411,0.12755
1,0,-0.0064099999999999,-0.5,0.0,0.0,-0.01923,1.0,0.0,0.0,0.0,0.0,0.0,0.0,0.0,0.0,0.0,0.0,0.3141,0.92949,-0.35256,0.74359,-0.34615,-0.80769,0.0,0.0,-0.61538,-0.5128199999999999,0.0,0.0,0.0,0.0,0.0,0.0
1,0,0.94631,0.17498,0.90946,0.33143,0.85096,0.4996,0.73678,0.63842,0.59215,0.73838,0.48698,0.83614,0.30459,0.90665,0.17959,0.93429,-0.00701,0.93109,-0.1888,0.8938299999999999,-0.33023,0.8249200000000001,-0.46534,0.7648199999999999,-0.58563,0.66335,-0.67929,0.52564,-0.75321,0.42488,-0.8121,0.26092
0,0,1.0,1.0,1.0,-1.0,1.0,1.0,1.0,1.0,1.0,1.0,1.0,-1.0,1.0,1.0,1.0,-1.0,1.0,-1.0,1.0,1.0,1.0,1.0,1.0,-1.0,1.0,1.0,1.0,1.0,1.0,1.0,1.0,1.0
1,0,1.0,-1.0,1.0,1.0,1.0,-1.0,1.0,-1.0,1.0,-1.0,1.0,-0.0184,1.0,-1.0,1.0,1.0,1.0,-0.85583,1.0,1.0,1.0,-1.0,0.0,0.0,1.0,1.0,1.0,-0.7914100000000001,1.0,1.0,1.0,1.0
1,0,0.8885299999999999,0.0163099999999999,0.92007,0.01305,0.92442,0.01359,0.89179,-0.10223,0.90103,-0.08428,0.9304,-0.01033,0.93094,-0.08918,0.86025,-0.05057,0.89451,-0.04024,0.88418,-0.12126,0.88907,-0.11909,0.8298,-0.14138,0.8645299999999999,-0.11808,0.85536,-0.13051,0.83524,-0.12452,0.8678600000000001,-0.12235
1,0,0.99539,-0.05889,0.8524299999999999,0.02306,0.8339799999999999,-0.37708,1.0,0.0376,0.8524299999999999,-0.17755,0.59755,-0.44945,0.60536,-0.38223,0.8435600000000001,-0.38542,0.58212,-0.32192,0.56971,-0.29674,0.36946,-0.47357,0.56811,-0.51171,0.41078,-0.46168,0.21266,-0.3409,0.42267,-0.54487,0.18641,-0.4529999999999999
1,0,-1.0,-1.0,1.0,1.0,1.0,-0.14375,0.0,0.0,-1.0,1.0,1.0,1.0,0.17917,-1.0,-1.0,-1.0,0.0875,-1.0,1.0,-1.0,-1.0,1.0,-1.0,-1.0,1.0,-1.0,-1.0,-1.0,1.0,1.0,0.0,0.0
1,0,1.0,-0.14754,1.0,0.04918,0.57377,-0.01639,0.65574,0.01639,0.85246,-0.03279,0.72131,0.0,0.68852,-0.16393,0.19672,-0.14754,0.65558,-0.17176,0.67213,0.03279,1.0,-0.29508,0.31148,-0.34426,0.52385,-0.20325,0.32787,-0.03279,0.27869,-0.44262,0.4918,-0.06557
1,0,0.0,0.0,0.0,0.0,0.0,0.0,0.0,0.0,0.62195,1.0,0.0,0.0,0.0,0.0,0.36585,-0.71951,0.56098,-1.0,0.0,0.0,0.0,0.0,0.0,0.0,1.0,0.10976,0.0,0.0,0.0,0.0,0.0,0.0
1,0,0.93972,0.28082,0.80486,0.5282100000000001,0.58167,0.73151,0.34961,0.80511,0.10797,0.90403,-0.20015,0.89335,-0.3973,0.82163,-0.58835,0.62867,-0.76305,0.40368,-0.81262,0.18888,-0.81317,-0.04284,-0.75273,-0.26883,-0.63237,-0.46438,-0.46422,-0.61446,-0.26389,-0.70835,-0.08937,-0.71273
1,0,0.94653,0.28713,0.72554,0.67248,0.47564,0.82455,0.01267,0.8910899999999999,-0.24871,0.84475,-0.47644,0.56079,-0.75881,0.41743,-0.66455,0.0720799999999999,-0.6542600000000001,-0.19525,-0.52475,-0.44,-0.30851,-0.55089,-0.04119,-0.6479199999999999,0.16085,-0.5642,0.36752,-0.4190100000000001,0.46059,-0.22535,0.50376,-0.0598
1,0,0.94701,-0.00034,0.93207,-0.03227,0.95177,-0.03431,0.95584,0.02446,0.94124,0.01766,0.92595,0.04688,0.93954,-0.01461,0.94837,0.02004,0.93784,0.01393,0.91406,0.07677,0.8947,0.0614799999999999,0.93988,0.03193,0.92489,0.02542,0.9212,0.02242,0.92459,0.00442,0.92697,-0.00577
1,0,-1.0,-1.0,0.0,0.0,0.5081399999999999,-0.7850199999999999,0.6058600000000001,0.32899,-1.0,-0.41368,0.0,0.0,0.0,0.0,1.0,-0.2671,0.36482,-0.63518,0.97068,-1.0,-1.0,-1.0,1.0,-0.59609,-1.0,-1.0,-1.0,-1.0,1.0,-1.0,0.0,0.0
1,0,0.8501299999999999,0.01809,0.92211,0.01456,0.92046,0.0218,0.92765,0.0801,0.87597,0.1137,0.91161,0.0432,0.90738,0.05018,0.87339,0.02842,0.95866,0.0,0.89097,0.07047,0.8843,0.07697,0.83721,0.10853,0.86923,0.0895,0.87597,0.08786,0.85198,0.10134,0.8425799999999999,0.10698
1,0,0.65909,-0.62879,0.0,0.0,0.0,0.0,0.77273,1.0,1.0,-0.2803,0.0,0.0,0.0,0.0,0.62121,-0.22727,0.84091,-1.0,1.0,-1.0,0.0,0.0,0.0,0.0,1.0,-0.93939,-0.12879,-0.93182,0.0,0.0,0.0,0.0
1,0,0.71253,-0.02595,0.41287,-0.23067,0.98019,-0.09473,0.99709,-0.10236,1.0,-0.10951,0.58965,1.0,0.83726,-1.0,0.8227,-0.1786299999999999,0.8076,-0.28257,-0.25914,0.9273,0.5193300000000001,0.05456,0.65493,-0.20392,0.93124,-0.41307,0.6381100000000001,-0.21901,0.86136,-0.87354,-0.23186,-1.0
1,0,0.19466,0.05725,0.04198,0.25191,-0.10557,0.48866,-0.18321,-0.18321,-0.41985,0.06107,-0.4542,0.0916,-0.16412,-0.30534,-0.10305,-0.39695,0.18702,-0.17557,0.34012,-0.11953,0.28626,-0.1603099999999999,0.21645,0.24692,0.03913,0.31092,-0.03817,0.26336,-0.16794,0.16794,-0.30153,-0.33588
1,0,0.6831699999999999,0.05375,0.84803,0.00202,0.84341,0.00301,0.843,0.09901,0.75813,0.04102,0.81892,0.00585,0.80738,0.00673,0.8062199999999999,-0.12447,0.77935,-0.03536,0.76365,0.00909,0.74635,0.00978,0.79632,-0.04243,0.70824,0.01096,0.62235,0.11598,0.6662399999999999,0.0119,0.64407,0.01227
1,0,-0.26667,0.4,-0.27303,0.12159,-0.17778,-0.04444,0.06192,-0.06879,0.04461,0.02575,-0.00885,0.02726,-0.01586,-0.00166,-0.00093,-0.00883,0.0047,-0.00153,0.00138,0.00238,-0.00114,0.00102,-0.00069,-0.0005,0.00019,-0.00043,0.00026,5e-05,0.0,0.00015,-8e-05,2e-05
1,0,0.94052,-0.01531,0.9417,0.01001,0.94994,-0.01472,0.95878,-0.0106,0.94641,-0.0371,0.97173,-0.0176699999999999,0.97055,-0.03887,0.95465,-0.04064,0.9523,-0.04711,0.94229,-0.02179,0.92815,-0.04417,0.92049,-0.04476,0.92695,-0.05827,0.90342,-0.07479,0.91991,-0.07244,0.92049,-0.0742
0,0,0.0,0.0,0.0,0.0,0.0,0.0,0.0,0.0,0.0,0.0,1.0,1.0,1.0,1.0,1.0,-1.0,0.0,0.0,1.0,1.0,1.0,-1.0,1.0,1.0,1.0,0.0,1.0,1.0,1.0,-1.0,0.0,0.0
1,0,0.42,-0.61,0.0,0.0,1.0,-1.0,0.9,1.0,0.43,0.64,0.0,0.0,0.0,0.0,0.67,-0.29,0.84,-1.0,0.0,0.0,0.0,0.0,0.21,0.68,1.0,0.22,0.0,0.0,0.0,0.0,0.0,0.0
1,0,0.98166,0.00874,0.98103,-0.03818,0.97565,-0.05699,0.95947,-0.06971,0.99004,-0.04507,0.94713,-0.11102,0.93369,-0.1279,0.94217,-0.11583,0.79682,-0.192,0.88274,-0.17387,0.8625700000000001,-0.18739,0.88487,-0.19689,0.81813,-0.21136,0.78546,-0.23864,0.7691100000000001,-0.23095,0.7432300000000001,-0.23902
1,0,0.5754,-0.03175,0.75198,-0.05357,0.6150800000000001,-0.0119,0.53968,0.03373,0.61706,0.09921,0.59127,-0.02381,0.62698,0.0119,0.70833,0.02579,0.60317,0.01587,0.47817,-0.02778,0.59127,0.0377,0.5,0.03968,0.6129100000000001,-0.01237,0.61706,-0.13492,0.6884899999999999,-0.01389,0.625,-0.03175
1,0,0.9287,0.33164,0.76168,0.62349,0.49305,0.8426600000000001,0.21592,0.95193,-0.13956,0.96167,-0.47202,0.8359,-0.7074699999999999,0.6549,-0.87474,0.3675,-0.91814,0.05595,-0.8982399999999999,-0.26173,-0.73969,-0.54069,-0.50757,-0.74735,-0.22323,-0.8612200000000001,0.0781,-0.87159,0.36021,-0.78057,0.59407,-0.6027
1,0,0.99645,0.06468,1.0,-0.01236,0.97811,0.02498,0.96112,0.02312,0.99274,0.07808,0.89323,0.10346,0.94212,0.05269,0.8880899999999999,0.1112,0.8610399999999999,0.08631,0.81633,0.1183,0.83668,0.14442,0.81329,0.13412,0.79476,0.13638,0.7911,0.15379,0.77122,0.1593,0.70941,0.12015
0,0,1.0,1.0,1.0,-1.0,0.0,0.0,0.0,0.0,-1.0,-1.0,0.0,0.0,0.0,0.0,-1.0,1.0,1.0,1.0,-1.0,1.0,-1.0,1.0,1.0,-1.0,1.0,1.0,-1.0,1.0,1.0,1.0,0.0,0.0
1,0,1.0,0.28046,1.0,0.02477,1.0,0.07764,1.0,0.04317,0.98762,0.33266,1.0,0.05489,1.0,0.04384,0.9575,-0.24598,0.8437100000000001,-0.08668,1.0,0.0415,0.99933,0.27376,1.0,-0.39056,0.96414,-0.02174,0.8674700000000001,0.2336,0.94578,-0.22021,0.80355,-0.07329
1,0,0.98002,0.00075,1.0,0.0,0.98982,-0.00075,0.94721,0.02394,0.977,0.0213,0.97888,0.03073,0.9917,0.02338,0.93929,0.0571299999999999,0.93552,0.05279,0.97738,0.05524,1.0,0.06241,0.94155,0.08107,0.96709,0.07255,0.95701,0.08088,0.9819,0.08126,0.97247,0.08616
1,0,0.91767,0.18198,0.8609,0.35543,0.72873,0.45747,0.60425,0.69865,0.50376,0.74922,0.361,0.81795,0.15664,0.8355799999999999,0.00396,0.8521,-0.1639,0.77853,-0.35996,0.76193,-0.43087,0.65385,-0.5314,0.53886,-0.60328,0.40972,-0.6451100000000001,0.27338,-0.6571,0.13667,-0.64056,0.05394
1,0,0.91353,0.81586,-0.72973,1.0,-0.39466,0.55735,0.05405,0.2973,-0.18599,-0.10241,-0.03158,-0.0897,0.01401,-0.03403,0.01108,-0.00537,0.00342,0.00097,0.00048,0.00075,-3e-05,0.00019,-3e-05,2e-05,-1e-05,0.0,0.0,0.0,0.0,0.0,0.0,0.0
1,0,0.79378,0.29492,0.64064,0.52312,0.41319,0.68158,0.14177,0.8354799999999999,-0.16831,0.78772,-0.4291100000000001,0.72328,-0.57165,0.41471,-0.75436,0.16755,-0.69977,-0.09856,-0.57695,-0.23503,-0.40637,-0.38287,-0.17437,-0.5254,0.01523,-0.48707,0.1903,-0.38059,0.31008,-0.23199,0.34572,-0.08036
1,0,0.50932,-0.93996,1.0,0.26708,-0.0352,-1.0,1.0,-1.0,0.43685,-1.0,0.0,0.0,-1.0,-0.34265,-0.37681,0.03623,1.0,-1.0,0.0,0.0,0.0,0.0,-0.16253,0.92236,0.39752,0.26501,0.0,0.0,1.0,0.23188,0.0,0.0
1,0,0.85209,0.39252,0.38887,0.76432,0.0885799999999999,0.98903,-0.42625,0.88744,-0.7622899999999999,0.4998,-0.93092,0.10768,-0.8590000000000001,-0.31044,-0.6603,-0.55262,-0.1926,-0.8606299999999999,0.28444,-0.80496,0.64649,-0.3523,0.7781399999999999,-0.23324,0.7169800000000001,0.21343,0.3783,0.5831,0.19667,0.66315,-0.11215,0.64933
1,0,1.0,1.0,0.367,0.06158,0.12993,0.92713,-0.27586,0.93596,-0.31527,0.37685,-0.87192,0.36946,-0.92857,-0.08867,-0.38916,-0.34236,-0.46552,-0.8251200000000001,-0.05419,-0.93596,0.25616,-0.20443,0.73792,-0.4595,0.8547100000000001,-0.06831,1.0,1.0,0.3867,0.00246,0.17758,0.7979
1,0,0.8350799999999999,0.08298,0.73739,-0.14706,0.84349,-0.05567,0.90441,-0.04622,0.89391,0.1313,0.81197,0.06723,0.7930699999999999,-0.08929,1.0,-0.02101,0.96639,0.0661799999999999,0.87605,0.01155,0.7752100000000001,0.0661799999999999,0.95378,-0.04202,0.8347899999999999,0.00123,1.0,0.12815,0.8666,-0.10714,0.90546,-0.04307
1,0,1.0,-0.08714,1.0,-0.17263,0.86635,-0.81779,0.94817,0.61053,0.95473,-0.41382,0.8848600000000001,-0.31736,0.8793700000000001,-0.23433,0.8105100000000001,-0.6218,0.12245,-1.0,0.90284,0.11053,0.62357,-0.78547,0.55389,-0.82868,0.48136,-0.8658299999999999,0.4065,-0.89674,0.32984,-0.92128,-0.13341,-1.0
1,0,-0.65625,0.15625,0.0625,0.0,0.0,0.0625,0.625,0.0625,0.1875,0.0,-0.03125,0.09375,0.0625,0.0,0.15625,-0.15625,0.4375,-0.375,0.0,-0.09375,0.0,0.0,0.03125,-0.46875,0.03125,0.0,-0.71875,0.03125,-0.03125,0.0,0.0,0.09375
1,0,1.0,-0.24051,1.0,-0.20253,0.8734200000000001,-0.10127,0.88608,0.01266,1.0,0.11392,0.92405,0.06329,0.8481,-0.03797,0.6329100000000001,-0.36709,0.8734200000000001,-0.01266,0.93671,0.06329,1.0,0.25316,0.62025,-0.37975,0.8463700000000001,-0.0554,1.0,-0.06329,0.53165,0.02532,0.83544,-0.02532
1,0,0.0,0.0,-1.0,-0.62766,1.0,0.51064,0.07979,-0.23404,-1.0,-0.3617,0.12766,-0.59043,1.0,-1.0,0.0,0.0,0.8297899999999999,-0.07979,-0.25,1.0,0.17021,-0.70745,0.0,0.0,-0.19149,-0.46809,-0.2234,-0.48936,0.74468,0.90426,-0.67553,0.45745
0,0,0.0,0.0,0.0,0.0,0.0,0.0,0.0,0.0,0.0,0.0,0.0,0.0,0.0,0.0,0.0,0.0,0.0,0.0,0.0,0.0,0.0,0.0,0.0,0.0,1.0,-1.0,0.0,0.0,0.0,0.0,0.0,0.0
1,0,0.96071,0.07088,1.0,0.04296,1.0,0.09313,0.90169,-0.05144,0.8926299999999999,0.0258,0.8325,-0.06142,0.87534,0.09831,0.76544,0.0028,0.7520600000000001,-0.05295,0.65961,-0.07905,0.64158,-0.05929,0.55677,-0.07705,0.5805100000000001,-0.02205,0.49664,-0.01251,0.5131,-0.00015,0.52099,-0.00182
1,0,0.90547,0.41113,0.65354,0.74761,0.29921,0.95905,-0.13342,0.9782,-0.52236,0.83263,-0.79657,0.55086,-0.96631,0.15192,-0.93001,-0.25554,-0.71863,-0.5937899999999999,-0.4154600000000001,-0.85205,-0.0225,-0.93788,0.36318,-0.8536799999999999,0.67538,-0.61959,0.85977,-0.28123,0.88654,0.098,0.75495,0.46301
1,0,-0.5418,0.14861,-0.33746,0.73375,0.52012,-0.13932,0.31889,-0.06811,0.20743,-0.1517,0.4736800000000001,0.08978,0.56347,-0.1548,0.16409,0.45201,0.33746,0.03406,0.50464,0.07121,-0.63777,-0.6161,1.0,0.65635,0.41348,-0.40116,-0.1517,0.11146,0.02399,0.5582,0.52632,-0.08978
1,0,0.32834,0.0252,0.15236,0.21278,0.14919,0.74003,-0.25706,0.92324,-0.10312,0.1938,-0.61352,0.25786,-0.94053,-0.05409,-0.13117,-0.14329,-0.30315,-0.44615,-0.11409,-0.8559700000000001,0.02668,-0.22786,0.27942,-0.06295,0.33737,-0.11876,0.27657,-0.11409,0.15078,0.13296,0.12197,0.20468
1,0,0.08333,-0.20685,-1.0,1.0,-1.0,1.0,0.71875,0.47173,-0.8214299999999999,-0.6272300000000001,-1.0,-1.0,-1.0,1.0,-0.02753,0.5915199999999999,-0.42113,-0.42113,-0.74628,-1.0,-1.0,-0.46801,-1.0,0.2381,1.0,-1.0,-1.0,-0.38914,-1.0,-1.0,-1.0,0.61458
1,0,0.84177,0.4346,0.5,0.7616,0.09916,0.9346,-0.37764,0.8818600000000001,-0.72363,0.6118100000000001,-0.93882,0.19409,-0.8670899999999999,-0.25527,-0.62869,-0.65612,-0.25105,-0.85654,0.16245,-0.86498,0.51477,-0.66878,0.74895,-0.28903,0.77937,0.07933,0.64135,0.42827,0.31435,0.62447,-0.00422,0.69409
1,0,1.0,1.0,1.0,1.0,0.9101,1.0,-0.2697,1.0,-0.83152,1.0,-1.0,1.0,-1.0,0.72526,-1.0,-0.5777899999999999,-1.0,-0.42052,-1.0,-1.0,-0.5283800000000001,-1.0,0.9001399999999999,-1.0,1.0,-1.0,1.0,-1.0,1.0,-0.34686,1.0,0.34845
1,0,0.88305,-0.21996,1.0,0.36373,0.8240299999999999,0.19206,0.8508600000000001,0.05901,0.90558,-0.04292,0.85193,0.25,0.7789699999999999,0.25322,0.69206,0.5794,0.7103,0.39056,0.7317600000000001,0.27575,1.0,0.34871,0.5676,0.5203899999999999,0.69811,0.53235,0.80901,0.5858399999999999,0.43026,0.70923,0.52361,0.54185
1,0,0.59887,0.14689,0.69868,-0.1393599999999999,0.8512200000000001,-0.1393599999999999,0.80979,0.02448,0.50471,0.02825,0.6742,-0.0452,0.80791,-0.13748,0.51412,-0.24482,0.8154399999999999,-0.14313,0.70245,-0.00377,0.33333,0.06215,0.56121,-0.33145,0.61444,-0.16837,0.5273100000000001,-0.02072,0.53861,-0.31262,0.6742,-0.22034
0,0,1.0,-1.0,1.0,-1.0,1.0,-1.0,1.0,-1.0,1.0,1.0,1.0,1.0,1.0,-1.0,1.0,1.0,1.0,1.0,1.0,1.0,1.0,-1.0,1.0,-1.0,1.0,-1.0,1.0,0.65625,0.0,0.0,1.0,-1.0
1,0,1.0,0.51515,0.45455,0.33333,0.06061,0.36364,-0.32104,0.7306199999999999,-0.45455,0.48485,-0.57576,0.0,-0.57576,-0.1212099999999999,-0.33333,-0.48485,-0.09091,-0.8484799999999999,0.48485,-0.57576,0.57576,-0.42424,1.0,-0.39394,0.7296100000000001,0.12331,0.9697,0.57576,0.24242,0.36364,0.09091,0.33333
1,0,0.8941,0.13425,0.8700100000000001,0.31543,0.78896,0.43388,0.63388,0.59975,0.54003,0.71016,0.39699,0.76161,0.24266,0.79523,0.09134,0.79598,-0.09159,0.76261,-0.20201,0.6692600000000001,-0.30263,0.6261,-0.40552,0.50489,-0.46215,0.40753,-0.5031399999999999,0.27252,-0.52823,0.19172,-0.48808,0.05972
1,0,0.90116,0.16607,0.79299,0.37379,0.7299,0.50515,0.5978399999999999,0.72997,0.44303,0.81152,0.24412,0.8749299999999999,0.0643799999999999,0.8503799999999999,-0.12611,0.8739600000000001,-0.28739,0.7961699999999999,-0.46635,0.6592399999999999,-0.57135,0.53805,-0.6815899999999999,0.39951,-0.71844,0.25835,-0.7236899999999999,0.11218,-0.71475,-0.05525,-0.67699,-0.19904
1,0,0.88103,-0.00857,0.89818,-0.02465,0.94105,-0.01822,0.89175,-0.12755,0.8220799999999999,-0.10932,0.8885299999999999,0.01179,0.90782,-0.13719,0.8713799999999999,-0.06109,0.90782,-0.02358,0.8799600000000001,-0.14577,0.8285100000000001,-0.12433,0.90139,-0.19507,0.88245,-0.14903,0.84352,-0.12862,0.8842399999999999,-0.18542,0.91747,-0.16827
0,0,0.0,0.0,0.0,0.0,1.0,-1.0,0.0,0.0,-1.0,-1.0,0.0,0.0,0.0,0.0,1.0,1.0,-1.0,-1.0,0.0,0.0,0.0,0.0,1.0,1.0,1.0,1.0,0.0,0.0,1.0,1.0,0.0,0.0
1,0,0.97588,-0.10602,0.94601,-0.208,0.92806,-0.2835,0.8599600000000001,-0.27342,0.79766,-0.47929,0.78225,-0.50764,0.74628,-0.61436,0.57945,-0.68086,0.37852,-0.73641,0.36324,-0.76562,0.31898,-0.7975300000000001,0.22792,-0.81634,0.13659,-0.8251,0.04606,-0.82395,-0.04262,-0.81318,-0.13832,-0.80975
1,0,0.68148,0.1037,0.77037,0.03457,0.65185,0.08148,0.60988,-0.00494,0.7901199999999999,0.11852,0.59753,0.04938,0.62469,0.0963,0.78272,-0.17531,0.73827,-0.10864,0.48642,0.00988,0.60988,0.08148,0.66667,-0.1284,0.63773,-0.02451,0.76543,0.02222,0.61235,-0.0716,0.51358,-0.04691
1,0,0.7479,0.0084,0.8331200000000001,0.01659,0.8263799999999999,0.02469,0.86555,0.01681,0.6050399999999999,0.05882,0.79093,0.04731,0.77441,0.05407,0.6470600000000001,0.19328,0.84034,0.04202,0.71285,0.07122,0.68895,0.07577,0.66387,0.08403,0.6372800000000001,0.08296,0.61345,0.01681,0.58187,0.08757,0.5533,0.08891
1,0,0.34694,0.20408,0.46939,0.2449,0.40816,0.20408,0.46939,0.4489800000000001,0.30612,0.5918399999999999,0.12245,0.55102,0.0,0.5102,-0.06122,0.55102,-0.20408,0.55102,-0.28571,0.4489800000000001,-0.28571,0.32653,-0.61224,0.22449,-0.46579,0.14895,-0.5918399999999999,0.18367,-0.34694,0.0,-0.26531,-0.2449
1,0,0.41932,0.12482,0.35,0.125,0.23182,0.27955,-0.03636,0.44318,0.04517,0.36194,-0.19091,0.33636,-0.1335,0.27322,0.02727,0.40455,-0.34773,0.12727,-0.20028,0.05078,-0.18636,0.36364,-0.14003,-0.04802,-0.09971,-0.07114,-1.0,-1.0,-0.02916,-0.07464,-0.00526,-0.06314
1,0,0.0,0.0,1.0,-1.0,0.0,0.0,0.0,0.0,1.0,1.0,1.0,-0.25342,1.0,0.23288,1.0,-1.0,0.0,0.0,0.0,0.0,1.0,1.0,0.0,0.0,1.0,-1.0,0.0,0.0,1.0,-1.0,0.0,0.0
1,0,1.0,0.0,1.0,0.0,0.66667,0.11111,1.0,-0.11111,0.88889,-0.11111,1.0,-0.22222,0.77778,0.0,0.77778,0.0,1.0,-0.11111,0.77778,-0.11111,0.66667,-0.11111,0.66667,0.0,0.90347,-0.05352,1.0,0.11111,0.88889,-0.11111,1.0,0.0
1,0,0.67547,0.04528,0.76981,-0.10566,0.77358,0.03774,0.66038,-0.04528,0.64528,0.01132,0.66792,-0.13962,0.72075,-0.02264,0.76981,0.0867899999999999,0.61887,-0.07925,0.75849,-0.23774,0.7396199999999999,-0.14717,0.84906,-0.15094,0.7388600000000001,-0.05801,0.66792,0.02264,0.86415,0.03774,0.7320800000000001,0.00755
1,0,0.68729,1.0,0.91973,-0.7608699999999999,0.8177300000000001,0.04348,0.7608699999999999,0.10702,0.8678899999999999,0.73746,0.70067,0.18227,0.7592,0.13712,0.93478,-0.25084,0.70736,0.18729,0.64883,0.24582,0.60201,0.77425,1.0,-0.53846,0.8926200000000001,0.22216,0.7107,0.53846,1.0,-0.06522,0.56522,0.23913
1,0,0.95882,0.10129,1.0,-0.01918,0.98313,0.02555,0.96974,-0.09316,0.98955,-0.02716,0.9798,-0.03096,1.0,-0.05343,1.0,-0.05179,0.9384,0.01557,0.9762,-0.09284,0.97889,-0.05318,0.91567,-0.15675,0.95677,-0.06995,0.90978,0.0130699999999999,1.0,-0.10797,0.93144,-0.06888
1,0,0.88085,0.35232,0.68389,0.65128,0.34816,0.79784,0.05832,0.90842,-0.29784,0.8649,-0.62635,0.6959,-0.7710600000000001,0.39309,-0.85803,0.08408,-0.8164100000000001,-0.24017,-0.64579,-0.50022,-0.39766,-0.68337,-0.11147,-0.7553300000000001,0.1704099999999999,-0.71504,0.40675,-0.57649,0.56626,-0.36765,0.62765,-0.13305
1,0,1.0,0.45455,1.0,-0.45455,1.0,0.09091,1.0,-0.09091,1.0,0.0,1.0,-0.27273,1.0,-0.18182,1.0,0.09091,1.0,0.0,1.0,-0.36364,1.0,0.09091,1.0,-0.09091,1.0,-0.04914,1.0,0.45455,1.0,-0.27273,1.0,-0.18182
1,0,0.96933,0.0087599999999999,1.0,0.00843,0.98658,-0.00763,0.97868,-0.02844,0.9982,-0.0351,1.0,-0.01271,1.0,-0.02581,1.0,-0.01175,0.98485,0.00025,1.0,-0.02612,1.0,-0.04744,0.96019,-0.04527,0.99188,-0.03473,0.9702,-0.02478,1.0,-0.03855,0.9842,-0.04112
0,0,0.0,0.0,-1.0,1.0,1.0,1.0,-1.0,-1.0,0.0,0.0,-1.0,-1.0,-1.0,-0.3125,-1.0,-1.0,1.0,-1.0,1.0,-1.0,0.0,0.0,1.0,-1.0,-1.0,-1.0,0.0,0.0,1.0,-1.0,0.0,0.0
0,0,0.0,0.0,0.0,0.0,0.0,0.0,0.0,0.0,0.0,0.0,0.0,0.0,0.0,0.0,0.0,0.0,0.0,0.0,0.0,0.0,0.0,0.0,0.0,0.0,1.0,0.0,0.0,0.0,0.0,0.0,0.0,0.0
0,0,-1.0,-1.0,0.0,0.0,-1.0,1.0,1.0,-0.375,0.0,0.0,0.0,0.0,0.0,0.0,1.0,-1.0,-1.0,-1.0,1.0,-1.0,0.0,0.0,1.0,-1.0,-1.0,1.0,-1.0,-1.0,0.0,0.0,-1.0,1.0
1,0,1.0,-0.0373,1.0,-0.0738299999999999,0.99601,-0.11039,0.99838,-0.09931,0.98941,-0.13814,0.96674,-0.21695,0.95288,-0.25099,0.91236,-0.344,0.90581,-0.32152,0.89991,-0.34691,0.87874,-0.37643,0.86213,-0.4299,0.8317200000000001,-0.43122,0.81433,-0.42593,0.7791899999999999,-0.47977,0.75115,-0.50152
1,0,1.0,-0.02259,1.0,-0.04494,1.0,-0.06682,1.0,-0.08799,1.0,0.5617300000000001,1.0,-0.12738,1.0,-0.14522,1.0,0.32407,1.0,-0.17639,0.99484,-0.18949,0.95601,-0.20081,1.0,-0.92284,0.8728,-0.21793,0.8292,-0.2237,0.78479,-0.22765,0.73992,-0.22981
1,0,1.0,0.05812,0.94525,0.07418,0.99952,0.1323099999999999,1.0,-0.01911,0.94846,0.0703299999999999,0.95713,0.14644,0.94862,0.11224,0.90896,0.20119,0.96741,0.16265,0.99695,0.1425799999999999,0.90784,0.1641,0.91667,0.22431,0.88423,0.23571,0.8856799999999999,0.22511,0.7832399999999999,0.29576,0.8357399999999999,0.31166
1,0,0.6381600000000001,1.0,0.20833,-1.0,1.0,1.0,0.8771899999999999,0.30921,-0.66886,1.0,-0.05921,0.58772,0.01754,0.05044,-0.51535,-1.0,0.14254,-0.03289,0.32675,-0.4386,-1.0,1.0,0.80921,-1.0,1.0,-0.0614,1.0,1.0,0.20614,-1.0,1.0,1.0
0,0,1.0,1.0,1.0,-1.0,1.0,1.0,-1.0,1.0,0.0,0.0,1.0,1.0,0.0,0.0,0.0,0.0,-1.0,1.0,-1.0,1.0,1.0,1.0,1.0,-1.0,1.0,1.0,1.0,1.0,1.0,-1.0,-1.0,1.0
1,0,0.92277,0.07804,0.92679,0.16251,0.89702,0.24618,0.84111,0.35197,0.78801,0.4219600000000001,0.70716,0.46983,0.70796,0.56476,0.60459,0.642,0.51247,0.6492399999999999,0.39903,0.66975,0.34232,0.68343,0.23693,0.76146,0.18765,0.73885,0.09694,0.71038,0.02735,0.77072,-0.04023,0.69509
1,0,0.74852,-0.02811,0.6568,-0.0517799999999999,0.80621,0.02811,0.8594700000000001,0.02515,0.63462,0.08728,0.7159800000000001,0.0784,0.73077,0.0517799999999999,0.7855,-0.27811,0.65976,-0.01479,0.78698,0.06953,0.34615,-0.18639,0.65385,0.02811,0.6100899999999999,-0.06637,0.5355,-0.21154,0.59024,-0.14053,0.56361,0.02959
1,0,1.0,0.01709,0.96215,-0.03142,1.0,-0.03436,1.0,-0.05071,0.99026,-0.07092,0.99173,-0.09002,1.0,-0.15727,1.0,-0.14257,0.9831,-0.11813,1.0,-0.18519,1.0,-0.19272,0.98971,-0.22083,0.9649,-0.20243,0.94599,-0.17123,0.96436,-0.22561,0.87011,-0.23296
1,0,0.28409,-0.31818,0.0,0.0,0.68182,-1.0,0.30682,0.95833,0.64394,0.06439,0.34848,-0.8484799999999999,0.0,0.0,0.59091,-0.35985,0.4507600000000001,-0.80682,0.0,0.0,0.0,0.0,0.24242,0.17803,1.0,-0.23864,0.06061,-0.48485,0.16288,-0.70076,0.0,0.0
1,0,0.9449,-0.4931100000000001,1.0,-0.03692,0.98898,-0.8705200000000001,0.90083,0.66942,1.0,-0.10104,1.0,-0.12493,1.0,-0.15017,1.0,-0.17681,1.0,-0.20491,1.0,-0.23452,1.0,-0.26571,1.0,-0.29852,1.0,-0.33304,1.0,-0.36931,1.0,-0.4074,1.0,-0.44739
1,0,0.8628399999999999,0.1931,0.8092,0.41149,0.67203,0.55785,0.5455899999999999,0.69962,0.36705,0.81533,0.19617,0.8567100000000001,-0.04061,0.8628399999999999,-0.1724099999999999,0.75785,-0.341,0.65747,-0.48199,0.56092,-0.6023,0.4099600000000001,-0.59234,0.25747,-0.63038,0.08818,-0.5724100000000001,-0.07816,-0.54866,-0.19923,-0.42912,-0.31954
1,0,0.43636,-0.12727,0.58182,-0.14545,0.18182,-0.67273,0.34545,-0.03636,0.29091,-0.05455,0.29091,0.29091,0.36364,-0.41818,0.2,-0.01818,0.36364,0.05455,0.12727,0.49091,0.6181800000000001,0.16364,0.32727,0.16364,0.41098,-0.07027,0.34545,-0.05455,0.12727,-0.36364,0.29091,-0.29091
1,0,0.0,0.0,0.98919,-0.22703,0.18919,-0.05405,0.0,0.0,0.93243,0.07297,1.0,-0.2,1.0,0.07027,1.0,-0.11351,0.0,0.0,1.0,-0.21081,1.0,-0.41622,0.0,0.0,1.0,-0.17568,0.0,0.0,1.0,-0.25946,0.28919,-0.1567599999999999
1,0,0.64122,0.01403,0.34146,-0.02439,0.52751,0.03466,0.19512,0.12195,0.43313,0.04755,0.21951,0.04878,0.29268,0.0,0.36585,0.0,0.31707,0.07317,0.26829,0.12195,0.23698,0.05813,0.21951,0.09756,0.19304,0.05641,0.1741,0.05504,0.19512,0.0,0.17073,0.07317
1,0,0.94333,0.38574,0.48263,0.6453399999999999,0.21572,0.7751399999999999,-0.5594100000000001,0.64899,-0.73675,0.42048,-0.76051,0.0,-0.6270600000000001,-0.31079,-0.38391,-0.62157,-0.12797,-0.69287,0.49909,-0.6362,0.7148100000000001,-0.3766,0.73857,-0.05484,0.6009800000000001,0.30384,0.4552100000000001,0.60512,0.02742,0.54479,-0.21572,0.50457
1,0,0.01975,0.00705,0.0409,-0.0084599999999999,0.02116,0.01128,0.01128,0.04372,0.00282,0.00141,0.01975,-0.03103,-0.01975,0.06065,-0.0409,0.0268,-0.02398,-0.0042299999999999,0.04372,-0.02539,0.01834,0.0,0.0,-0.01269,0.01834,-0.01128,0.00564,-0.01551,-0.01693,-0.02398,0.00705,0.0
1,0,1.0,0.0,1.0,0.0,0.5,0.5,0.75,0.0,0.91201,0.12094,0.8906700000000001,0.1421,0.8692200000000001,0.16228,0.75,0.25,0.75,0.5,0.75,0.0,1.0,-0.25,0.5,0.5,0.73944,0.26388,0.75,0.25,0.69635,0.29074,0.67493,0.30293
0,0,0.0,0.0,0.0,0.0,0.0,0.0,0.0,0.0,0.0,0.0,-1.0,-1.0,0.0,0.0,1.0,0.75,0.0,0.0,0.0,0.0,-1.0,1.0,0.0,0.0,1.0,-1.0,-1.0,-1.0,1.0,1.0,0.0,0.0
1,0,1.0,0.24077,0.99815,0.00369,0.8024399999999999,-0.30133,0.8991899999999999,-0.23486,0.70643,-0.24077,0.73855,-0.30539,0.71492,-0.3607800000000001,0.47194,-0.6118899999999999,0.40473,-0.5505899999999999,0.61041,-0.39328,0.53176,-0.32681,0.23966,-0.52142,0.29208,-0.4839,0.12777,-0.39143,0.15657,-0.5132899999999999,0.18353,-0.46603
0,0,-1.0,1.0,1.0,-1.0,0.0,0.0,0.0,0.0,1.0,-1.0,1.0,1.0,0.0,0.0,1.0,-1.0,0.0,0.0,0.0,0.0,1.0,1.0,-1.0,1.0,1.0,-1.0,-1.0,1.0,-1.0,-1.0,0.0,0.0
0,0,-1.0,1.0,-1.0,-1.0,0.0,0.0,-1.0,1.0,1.0,-1.0,-1.0,-1.0,-1.0,1.0,0.0,0.0,-1.0,-1.0,-1.0,1.0,0.0,0.0,1.0,-1.0,1.0,1.0,1.0,-1.0,1.0,1.0,0.0,0.0
1,0,1.0,0.23058,1.0,-0.78509,1.0,-0.10401,1.0,0.15414,1.0,0.2782,0.9812,-0.06861,1.0,0.0661,0.95802,-0.18954,0.8358399999999999,-0.15633,0.974,0.03728,0.99624,0.09242,1.0,-0.01253,0.96238,-0.04597,0.91165,0.03885,1.0,-0.13722,0.96523,-0.11717
1,0,1.0,0.09091,0.95455,-0.09091,0.77273,0.0,1.0,0.0,0.95455,0.0,1.0,0.04545,0.90909,-0.04545,1.0,0.0,1.0,0.0,0.86364,0.09091,0.77273,0.09091,0.90909,0.04545,0.91541,0.02897,0.95455,0.09091,0.86364,-0.09091,0.86364,0.04545
1,0,0.91176,-0.08824,0.97059,0.17647,0.8235299999999999,0.08824,0.91176,-0.02941,0.97059,-0.17647,0.97059,0.14706,0.94118,0.02941,1.0,0.0,1.0,0.0,0.76471,0.11765,0.88235,0.02941,0.8529399999999999,0.02941,0.92663,0.026,0.94118,-0.11765,0.97059,0.05882,0.91176,0.05882
1,0,-1.0,1.0,-1.0,0.15244,0.28354,1.0,-1.0,1.0,-1.0,-1.0,1.0,1.0,-1.0,-0.23476,0.28301,-1.0,1.0,1.0,-0.31402,-1.0,-1.0,-1.0,1.0,-1.0,-1.0,-0.03578,1.0,-1.0,-1.0,-0.32317,0.14939,1.0
0,0,-1.0,-1.0,1.0,-1.0,-1.0,1.0,0.0,0.0,1.0,-1.0,1.0,-1.0,0.0,0.0,0.0,0.0,0.0,0.0,-1.0,1.0,1.0,-1.0,-1.0,1.0,1.0,1.0,0.0,0.0,1.0,0.5,0.0,0.0
0,0,1.0,1.0,1.0,-1.0,1.0,-1.0,1.0,1.0,0.0,0.0,1.0,-1.0,0.0,0.0,0.0,0.0,0.0,0.0,-1.0,1.0,1.0,1.0,0.0,0.0,1.0,1.0,0.0,0.0,-1.0,-1.0,0.0,0.0
1,0,0.93537,0.13645,0.93716,0.25359,0.85705,0.38779,0.7903899999999999,0.47127,0.7235199999999999,0.59942,0.6526,0.75,0.5083,0.7358600000000001,0.41629,0.82742,0.25539,0.8595200000000001,0.13712,0.85615,0.00494,0.88869,-0.07361,0.7978,-0.20995,0.78004,-0.33169,0.71454,-0.38532,0.64363,-0.47419,0.55835
0,0,1.0,-1.0,-1.0,1.0,-1.0,1.0,1.0,1.0,1.0,1.0,-1.0,-1.0,-1.0,-1.0,1.0,1.0,1.0,-1.0,-1.0,-1.0,-1.0,-1.0,1.0,0.0,1.0,-1.0,1.0,-1.0,-1.0,1.0,-1.0,1.0
0,0,1.0,-1.0,1.0,1.0,1.0,-1.0,1.0,1.0,1.0,-1.0,1.0,1.0,1.0,-1.0,1.0,-1.0,1.0,1.0,1.0,1.0,1.0,-1.0,1.0,-1.0,1.0,-1.0,1.0,1.0,1.0,-1.0,1.0,1.0
1,0,0.97467,0.13082,0.9412,0.20036,0.8878299999999999,0.32248,0.8900899999999999,0.32711,0.8555,0.45217,0.7229800000000001,0.52284,0.6994600000000001,0.5882,0.58548,0.66893,0.48869,0.70398,0.44245,0.6815899999999999,0.35289,0.75622,0.26832,0.7621,0.16813,0.78541,0.07497,0.8043899999999999,-0.02962,0.7770199999999999,-0.10289,0.74242
0,0,1.0,-1.0,1.0,1.0,1.0,1.0,1.0,1.0,1.0,1.0,1.0,-1.0,1.0,1.0,1.0,1.0,1.0,-1.0,1.0,-1.0,1.0,-1.0,1.0,-1.0,1.0,1.0,1.0,-1.0,1.0,1.0,1.0,1.0
1,0,0.7629600000000001,-0.07778,1.0,-0.2963,1.0,-0.85741,0.8,0.06111,0.45556,-0.42778,1.0,-0.1258099999999999,1.0,-0.83519,0.49259,0.01852,0.8222200000000001,-0.05926,0.98215,-0.19938,1.0,0.22037,0.6963,-0.26481,0.92148,-0.24549,0.78889,0.02037,0.87492,-0.27105,1.0,-0.5703699999999999
1,0,0.0,0.0,0.0,0.0,0.0,0.0,0.0,0.0,0.0,0.0,-1.0,1.0,1.0,0.55172,0.0,0.0,0.0,0.0,0.0,0.0,0.0,0.0,0.0,0.0,1.0,1.0,0.0,0.0,0.0,0.0,0.0,0.0
1,0,0.6351,-0.04388,0.7653,0.02968,0.61432,0.36028,0.65358,-0.00462,0.64203,0.0831399999999999,0.79446,-0.43418,0.72517,0.54965,0.5958399999999999,0.13857,0.6351,0.2194,0.63279,-0.25404,0.7095100000000001,0.15359,0.64665,0.23095,0.68775,0.17704,0.61663,0.07621,0.6631600000000001,0.19841,0.69053,0.36721
1,0,0.50112,-0.03596,0.61124,0.01348,0.5887600000000001,0.01573,0.5887600000000001,0.02472,0.66742,-0.00449,0.71685,-0.04719,0.6651699999999999,0.00899,0.57303,0.02472,0.6471899999999999,-0.07416,0.5685399999999999,0.14157,0.57528,-0.03596,0.46517,0.04944,0.56588,0.00824,0.4764,-0.03596,0.5460699999999999,0.10562,0.60674,-0.0809
1,0,0.71521,-0.00647,0.66667,-0.04207,0.63107,-0.0517799999999999,0.77994,0.08091,0.67314,0.09709,0.64725,0.15858,0.6019399999999999,-0.01942,0.54369,-0.04531,0.46926,-0.10032,0.64725,0.14887,0.39159,0.21683,0.52427,-0.05502,0.45105,0.0004,0.31392,-0.06796,0.49191,-0.1068,0.30421,-0.0517799999999999
1,0,0.98822,0.02187,0.93102,0.341,0.83904,0.35222,0.7470600000000001,0.4890600000000001,0.7358399999999999,0.51879,0.55076,0.6017899999999999,0.4313,0.66237,0.318,0.70443,0.28379,0.6887300000000001,0.07515,0.7369600000000001,0.0633799999999999,0.7128399999999999,-0.16489,0.69714,-0.1655599999999999,0.6051,-0.16209,0.55805,-0.34717,0.44195,-0.33483,0.37465
1,0,0.88116,0.27475,0.72125,0.42881,0.61559,0.63662,0.38825,0.90502,0.09831,0.96128,-0.20097,0.892,-0.35737,0.775,-0.6511399999999999,0.6221,-0.78768,0.45535,-0.8185600000000001,0.19095,-0.8394299999999999,-0.08079,-0.7833399999999999,-0.26356,-0.67557,-0.45511,-0.54732,-0.60858,-0.30512,-0.667,-0.19312,-0.75597
1,0,0.83367,0.31456,0.65541,0.5767100000000001,0.34962,0.70677,0.17293,0.78947,-0.18976,0.79886,-0.41729,0.6654100000000001,-0.68421,0.47744,-0.74725,0.19492,-0.7218,-0.04887,-0.6203,-0.28195,-0.49165,-0.53463,-0.26577,-0.66014,-0.0153,-0.69706,0.22708,-0.64428,0.431,-0.5120600000000001,0.64662,-0.30075
1,0,0.33333,-0.25,0.44444,0.22222,0.38889,0.16667,0.41667,0.13889,0.5,-0.11111,0.54911,-0.0844299999999999,0.58333,0.33333,0.55556,0.02778,0.25,-0.19444,0.47222,-0.05556,0.52778,-0.02778,0.38889,0.08333,0.41543,-0.14256,0.19444,-0.13889,0.36924,-0.14809,0.08333,-0.5
1,0,1.0,-0.01179,1.0,-0.00343,1.0,-0.01565,1.0,-0.01565,1.0,-0.02809,1.0,-0.02187,0.99828,-0.03087,0.99528,-0.03238,0.99314,-0.03452,1.0,-0.03881,1.0,-0.05039,1.0,-0.04931,0.99842,-0.05527,0.994,-0.06304,0.99057,-0.06497,0.98971,-0.0666799999999999
1,0,0.74468,0.10638,0.8870600000000001,0.00982,0.8854200000000001,0.01471,0.87234,-0.01418,0.7305,0.10638,0.8765700000000001,0.02912,0.87235,0.03382,0.95745,0.07801,0.95035,0.04255,0.8559700000000001,0.04743,0.84931,0.0517799999999999,0.87234,0.11348,0.83429,0.06014,0.74468,-0.03546,0.8171,0.068,0.80774,0.07173
1,0,0.66667,-0.01366,0.97404,0.06831,0.4959,0.50137,0.75683,-0.00273,0.65164,-0.14071,0.40164,-0.48907,0.39208,0.58743,0.76776,0.31831,0.78552,0.11339,0.4754100000000001,-0.44945,1.0,0.00683,0.60656,0.06967,0.6865600000000001,0.17088,0.8756799999999999,0.07787,0.55328,0.2459,0.13934,0.48087
1,0,0.96355,-0.07198,1.0,-0.14333,1.0,-0.21313,1.0,-0.36174,0.9257,-0.43569,0.9451,-0.40668,0.90392,-0.4638100000000001,0.98305,-0.35257,0.8453700000000001,-0.6602,0.75346,-0.6058899999999999,0.6963699999999999,-0.64225,0.85106,-0.6544,0.57577,-0.69712,0.25435,-0.6391899999999999,0.45114,-0.7277899999999999,0.38895,-0.7342
1,0,1.0,0.5782,1.0,-1.0,1.0,-1.0,1.0,-1.0,1.0,-1.0,1.0,-1.0,1.0,-1.0,1.0,-1.0,1.0,-1.0,1.0,-0.6279600000000001,1.0,-1.0,1.0,-1.0,1.0,-1.0,1.0,-1.0,1.0,-1.0,1.0,-1.0
1,0,-0.64286,-1.0,1.0,0.82857,1.0,-1.0,1.0,-0.23393,1.0,0.96161,1.0,-0.37679,1.0,-1.0,1.0,0.13839,1.0,-1.0,1.0,-0.03393,-0.84286,1.0,0.5375,0.85714,1.0,1.0,1.0,-1.0,1.0,-1.0,1.0,-1.0
1,0,1.0,-0.05529,1.0,-1.0,0.5,-0.11111,0.36111,-0.22222,1.0,-0.25712,0.16667,-0.11111,1.0,-0.3466,1.0,-0.38853,1.0,-0.42862,0.0,-0.25,1.0,-0.50333,1.0,-0.27778,1.0,-0.57092,1.0,-0.27778,1.0,-0.63156,1.0,-0.65935
1,0,0.31034,-0.10345,0.24138,-0.10345,0.2069,-0.06897,0.07405,-0.05431,0.03649,-0.03689,0.01707,-0.02383,0.0074099999999999,-0.0148199999999999,0.00281,-0.00893,0.00078,-0.0052299999999999,-3e-05,-0.00299,-0.00028,-0.00166,-0.00031,-0.0009,-0.00025,-0.00048,-0.00018,-0.00024,-0.00012,-0.00012,-8e-05,-6e-05
1,0,1.0,0.54902,0.62745,1.0,0.01961,1.0,-0.4902,0.92157,-0.8235299999999999,0.58824,-1.0,0.11765,-0.96078,-0.33333,-0.6470600000000001,-0.6862699999999999,-0.23529,-0.86275,0.35294,-1.0,0.7451,-0.72549,0.92157,-0.21569,0.92874,0.21876,0.72549,0.56863,0.23529,0.90196,-0.11765,0.90196
1,0,0.0,0.0,0.0,0.0,0.0,0.0,0.0,0.0,1.0,-0.33333,0.16667,0.26042,0.0,0.0,0.0,0.0,0.0,0.0,-0.19792,-0.21875,-0.16667,0.90625,-1.0,0.5,0.04167,0.75,-0.22917,-1.0,-0.125,-0.27083,-0.19792,-0.9375
1,0,0.62335,-0.0349,0.59085,0.00481,0.60409,-0.07461,0.6317699999999999,0.00963,0.62455,-0.07461,0.67028,0.0722,0.62936,-0.08424,0.67509,0.09146,0.67148,0.0,0.58965,0.10108,0.5006,0.03129,0.65945,0.14079,0.60463,0.02019,0.51384,0.04452,0.61733,-0.00963,0.6137199999999999,-0.09146
1,0,0.76627,0.21106,0.63935,0.38112,0.48409,0.525,0.15,0.22273,0.13753,0.59565,-0.07727,0.44545,0.0,0.48636,-0.27491,0.42014,-0.5613600000000001,0.36818,-0.36591,0.18864,-0.40533,0.0758799999999999,-0.38483,-0.03229,-0.33942,-0.1248599999999999,-0.2754,-0.19714,-0.19962,-0.24648,-0.11894,-0.27218
1,0,0.8347899999999999,0.28993,0.6925600000000001,0.47702,0.49234,0.68381,0.21991,0.86761,-0.08096,0.85011,-0.35558,0.77681,-0.52735,0.58425,-0.7035,0.31291,-0.75821,0.03939,-0.71225,-0.15317,-0.58315,-0.39168,-0.37199,-0.52954,-0.1695,-0.60863,0.08425,-0.61488,0.25164,-0.48468,0.40591,-0.35339
1,0,0.93658,0.35107,0.75254,0.6564,0.4557100000000001,0.88576,0.15323,0.95776,-0.21775,0.96301,-0.56535,0.8339700000000001,-0.78751,0.58045,-0.93104,0.2602,-0.93641,-0.06418,-0.8702799999999999,-0.40949,-0.65079,-0.67464,-0.36799,-0.84951,-0.04578,-0.91221,0.2733,-0.85762,0.54827,-0.69613,0.7482800000000001,-0.44173
1,0,0.8757799999999999,0.03727,0.89951,0.00343,0.8921,0.0051,0.86335,0.0,0.95031,0.07453,0.87021,0.00994,0.86303,0.01151,0.8385100000000001,-0.06211,0.85714,0.02484,0.8418200000000001,0.01603,0.83486,0.01749,0.79503,-0.04348,0.82111,0.02033,0.8198799999999999,0.08696,0.80757,0.02308,0.80088,0.02441
1,0,1.0,-0.01342,1.0,0.01566,1.0,-0.00224,1.0,0.06264,0.97763,0.04474,0.95973,0.02908,1.0,0.06488,0.98881,0.03356,1.0,0.0357899999999999,0.99776,0.09396,0.95749,0.0738299999999999,1.0,0.10067,0.99989,0.08763,0.99105,0.08501,1.0,0.10067,1.0,0.10067
1,0,1.0,0.06655,1.0,-0.18388,1.0,-0.2732,1.0,-0.43107,1.0,-0.41349,0.96232,-0.51874,0.90711,-0.59017,0.8923,-0.66474,0.69876,-0.70997,0.70645,-0.7632,0.63081,-0.8054399999999999,0.55867,-0.89128,0.47211,-0.865,0.40303,-0.83675,0.30996,-0.8909299999999999,0.22995,-0.8915799999999999
1,0,1.0,-0.14236,1.0,-0.1625599999999999,1.0,-0.23656,1.0,-0.07514,1.0,-0.2501,1.0,-0.26161,1.0,-0.21975,1.0,-0.38606,1.0,-0.46162,1.0,-0.35519,1.0,-0.5966100000000001,1.0,-0.47643,0.9882,-0.49687,1.0,-0.7582,1.0,-0.75761,1.0,-0.8443700000000001
1,0,0.0,0.0,1.0,0.5172399999999999,0.0,0.0,0.10991,-1.0,0.0,0.0,0.0,0.0,-1.0,-0.22414,-0.55711,-0.8329700000000001,0.7694,0.63147,0.0,0.0,0.5344800000000001,0.35668,-0.90302,0.44828,1.0,-1.0,-1.0,0.8157300000000001,0.0,0.0,0.0,0.0
1,0,1.0,1.0,0.0,0.0,0.0,0.0,0.0,0.0,0.47744,-0.8909799999999999,-0.5150399999999999,0.45489,-0.95489,0.28571,0.64662,1.0,0.0,0.0,0.0,0.0,0.6203,0.20301,-1.0,-1.0,1.0,-1.0,1.0,1.0,0.0,0.0,0.0,0.0
1,0,0.95217,0.06595,0.93614,0.1303,0.90996,0.19152,0.8488100000000001,-0.49962,0.90023,0.6132,0.77937,0.34328,0.72254,0.37988,0.66145,0.40844,0.95472,0.5986199999999999,0.53258,0.44088,0.46773,0.4451100000000001,0.4044,0.44199,0.34374,0.43221,0.9033,1.0,0.23405,0.3962,0.18632,0.37191
1,0,0.0,0.0,-0.33672,0.85388,0.0,0.0,0.6886899999999999,-1.0,0.97078,0.31385,-0.26048,-0.59212,-0.30241,0.65565,0.94155,0.16391,0.0,0.0,0.0,0.0,-0.18043,-1.0,0.0,0.0,1.0,-1.0,0.0,0.0,0.04447,0.6188100000000001,0.0,0.0
1,0,0.62121,-0.63636,0.0,0.0,0.0,0.0,0.3447,0.28788,0.42803,0.39394,-0.07576,0.51894,0.36364,0.31439,-0.53788,0.32955,0.1212099999999999,-0.14773,0.01894,-0.53409,-0.57576,0.17803,0.29167,-0.27273,0.25758,-0.57576,0.43182,0.24242,0.18182,-0.02273,0.17045,-0.41667
1,0,0.0,0.0,0.0,0.0,0.0,0.0,-0.85,-1.0,0.0,0.0,1.0,-1.0,0.0,0.0,-1.0,-1.0,-1.0,-1.0,1.0,-1.0,-0.6,-1.0,1.0,1.0,-1.0,-0.2,1.0,-1.0,0.0,1.0,0.0,0.0
1,0,0.8062699999999999,0.13069,0.73061,0.24323,0.64615,0.19038,0.36923,0.45577,0.44793,0.46439,0.25,0.57308,0.25192,0.37115,0.15215,0.51877,-0.09808,0.575,-0.03462,0.42885,-0.08856,0.44424,-0.14943,0.40006,-0.1994,0.34976,-0.23832,0.29541,-0.26634,0.23896,-0.23846,0.31154
1,0,0.8484299999999999,0.06794,0.80562,-0.02299,0.77031,-0.03299,0.66725,-0.0662,0.59582,-0.07666,0.6726,-0.05771,0.6426,-0.0643799999999999,0.39199,0.0453,0.71254,0.01394,0.5597,-0.08039,0.5343,-0.08453,0.47038,-0.22822,0.48659,-0.09128,0.52613,-0.08537,0.44277,-0.09621,0.42223,-0.09808
1,0,0.9408,0.11933,0.8573799999999999,0.01038,0.85124,0.01546,0.76966,-0.00278,0.84459,0.10916,0.8328899999999999,0.03027,0.8268,0.03506,0.74838,0.01943,0.80019,0.02405,0.80862,0.04901,0.8025899999999999,0.05352,0.77336,0.0222,0.7905800000000001,0.06235,0.85939,0.09251,0.77863,0.0709,0.77269,0.07508
1,0,0.8471299999999999,-0.03397,0.8641200000000001,-0.0849299999999999,0.81953,0.0,0.73673,-0.07643,0.71975,-0.13588,0.74947,-0.11677,0.77495,-0.18684,0.78132,-0.21231,0.6199600000000001,-0.10191,0.79193,-0.15711,0.89384,-0.03397,0.84926,-0.26115,0.74115,-0.23312,0.66242,-0.22293,0.72611,-0.37792,0.65817,-0.24841
1,0,0.98455,-0.02736,0.98058,-0.04104,1.0,-0.07635,0.9872,0.01456,0.95278,-0.02604,0.985,-0.07458,0.99382,-0.07149,0.97396,-0.09532,0.97264,-0.12224,0.99294,-0.05252,0.95278,-0.08914,0.97352,-0.08341,0.96653,-0.12912,0.93469,-0.14916,0.97132,-0.15755,0.96778,-0.188
