0,1,2,3,4,5,6,7,8,9,10,11,12,13,14,15,16,17,18,19,20,21,22,23,24,25,26,27,28,29,30,31,32,33,34,35,36,37,38,39,40,41,42,43,44,45,46,47,48,49,50,51,52,53,54,55,56,57,58,59,60,61
0.531829682794,0.0108207254787,0.242431061374,0.212771905637,0.0,0.0,0.0,0.0,0.0,0.00265361377478,0.0,0.0060359967055299,0.0,0.00287458365987,0.259652750072,86.0383348755,37.3977024944,48.6406323812,123.43603737,46.5386825907,22.1768763015,24.3618062892,68.71555889220001,182.917743817,73.9766567939,108.941087023,256.894400611,89.0808128429,37.8075682319,51.273244611,126.888381075,49.6927991526,23.3858088352,26.3069903174,73.0786079879,186.763580035,63.681163224,123.082416811,250.444743259,4.63689877088,3.05427208399,184.833395596,23.561587737800004,182.921272695,73.97986261939998,4.64716614381,3.05586565772,184.989582313,21.9362695432,186.767991404,63.6856097441,0.975585051427,0.545139229036,0.817546480229,0.6505192006270001,0.69200513793,0.7685342978589998,0.988789418383,0.537859399491,70.6856351278,0.147238565514,0.294944881114
0.334734147382,0.0123296583033999,0.124430821751,0.324643109595,0.0585180572523,0.114784665218,0.1714881887229999,0.0122285643386,0.000897237648496,0.0267101406175,0.0075450791459199,0.000196820974632,0.0961270159835,0.0406115301724,0.323118375132,125.328353851,43.9778322162,81.35052163429998,169.306186067,114.748674521,44.0069459552,70.7417285654,158.755620476,165.642471916,43.6457021144,121.996769802,209.288174031,89.86338227369998,59.5591064309,30.304275842800003,149.422488705,84.8238115938,58.13002901390001,26.6937825799,142.95384060799998,117.857198398,66.8924310895,50.9647673089,184.749629488,4.67091018929,2.991335115,87.3711707108,40.5846492968,165.728370276,43.696694584300005,4.37597413803,2.54329525029,87.0260059512,56.2765244651,118.406984718,66.8807077549,0.945701193097,0.353953394397,0.8172910495569999,0.409565414381,0.652705013534,0.512841391503,0.941167154255,0.355658552116,66.393044342,0.521179965075,0.341647929199
0.235184642284,0.00407576333825,0.0314563812887999,0.23534504368,0.00785729137854,0.0333346588232,0.1102562592049999,0.0,0.0,0.0218583324217,0.0219499263622999,0.0186468292299,0.236793779021,0.06007236971,0.053990504762,128.581355514,32.6689213309,95.9124341834,161.250276845,109.210542024,32.7852271284,76.4253148957,141.995769152,165.324539662,31.1942583612,134.130281301,196.518798024,81.0369012049,64.9519638029,16.084937402,145.988865008,74.30121901939998,59.5579306083,14.743288411099998,133.85914962799998,98.1034207239,67.02750029100001,31.0759204329,165.130921015,4.57423057562,3.03794347653,89.15552210530001,23.6064462406,165.516226983,31.4029509537,4.040881650319999,2.42989607737,77.70898131369998,52.7342306872,99.472307259,68.7100492958,0.944044760375,0.249124461207,0.775613069256,0.303224186912,0.667653609502,0.352255479393,0.95908310042,0.245218211207,59.5413289679,0.666218265359,0.660539773656
0.183735387278,0.0063553695871,0.117239662568,0.587208970089,0.0434248153121,0.0,0.0,0.00930374487558,0.0006187527996189,0.0735276149261,0.0661503442674,0.00190318301369,0.0127551805852,0.0226599235893,0.180469762866,155.289455788,59.1305894353,96.1588663527,214.420045223,136.134186999,57.964378463100005,78.16980853619998,194.098565462,204.001326942,56.2492200228,147.752106919,260.250546965,69.0371216203,71.3822877861,-2.3451661657700003,140.419409406,60.6525519201,64.9852970101,-4.33274509003,125.63784893,88.1652319259,88.7253598642,-0.560127938308,176.89059179,4.58034192809,2.9493900453099995,98.2221798338,54.0817617166,204.417737896,55.9527003548,4.04183946073,2.37653224657,64.7254726685,61.1002154379,88.85877191909998,88.63473127759998,0.8387476650319999,0.2190591937699999,0.723503907741,0.253952169867,0.48179943974,0.381352430333,0.8868995547149999,0.207165948276,179.791409485,0.648370231818,0.58352192709
0.533574001456,0.00737294182955,0.137090706923,0.2167302101579999,0.0,0.0,0.0,0.0,0.0,0.00774548234758,0.0128715321764,0.0,0.288433464131,0.0666450333072,0.0747050816192,97.2533881703,32.5356107285,64.71777744180001,129.788998899,74.0603283346,27.2564708792,46.8038574554,101.316799214,184.254373403,53.4016598413,130.85271356200002,237.656033245,121.89025458,65.2165900448,56.673664535,187.106844625,89.0342256074,49.4770055151,39.5572200923,138.511231122,140.521456823,63.7775125514,76.7439442717,204.298969375,4.684256796650001,2.99273580063,149.499914079,27.6525413249,184.635692928,53.1521715606,4.74829732834,2.59039809981,136.467029536,37.7678073118,171.97094497,65.8742342634,0.976853854671,0.546216815243,0.823389781839,0.648021159875,0.736230890767,0.7247373183429999,0.992439196572,0.53763898413,57.8227561307,0.4434637130789999,0.493732094345
0.0,0.0,0.946555097597,0.0589736423566,0.0,0.0,0.0,0.0,0.0,0.0,0.0,0.0010511067440599,0.0,0.000994930446708,0.0,0.0,0.0,0.0,0.0,0.0,0.0,0.0,0.0,0.0,0.0,0.0,0.0,53.4303273168,41.2264413466,12.2038859702,94.6567686634,47.0868650813,31.35315772380001,15.7337073575,78.4400228051,148.98655160200002,74.9901367421,73.99641485959998,223.976688344,3.14159265359,0.0,0.0,0.0,0.0,0.0,4.2024889392,2.37937922401,181.8394519,25.9939032589,148.98913536,74.99172046529999,0.0,0.0,0.0,0.0,0.0,0.0,0.0,0.0,0.0,1.0,1.0
0.46462830479,0.00336679661089,0.164349448145,0.309826095162,0.0704237881477,0.00250726869434,0.0,0.0,0.0081229336812299,0.0041399376171,0.0072741535773499,0.000689196136528,0.0498683124099,0.0174587333464,0.196480108637,134.601271607,67.5627909906,67.0384806166,202.164062598,76.95663780239998,37.8197522765,39.1368855259,114.776390079,175.30903209299996,82.6715068804,92.6375252123,257.980538973,113.699249363,60.0979496696,53.6012996936,173.797199033,70.9797279095,38.8645138451,32.1152140644,109.844241755,138.636654462,75.7719090016,62.864745460600005,214.40856346400005,4.32320780089,2.98452694515,137.617465859,26.8118591773,175.515290188,82.52250898769998,4.206076169019999,2.88323394902,118.320817619,32.7443047064,140.37354281,75.18101446209998,0.9614871021100002,0.483239248629,0.8213836253740001,0.5656654094829999,0.636435993017,0.7300471844580001,0.997283759647,0.465893784287,91.6618455018,0.22211216416,0.317366234769
0.517556011433,0.0080902521667,0.0109693737898999,0.299499155315,0.0182272098201,0.0352178496963,0.0379732184195,0.0,0.0,0.00789311166188,0.0204334199936,0.0,0.135675067587,0.0440953173981,0.222942270336,127.714552228,34.2216826553,93.4928695725,161.936234883,105.815152642,31.7314541097,74.08369853259998,137.546606752,157.205610953,40.9743726941,116.231238259,198.179983647,103.96151609,56.8049657519,47.1565503385,160.76648184200002,91.7388231044,52.5405175455,39.1983055589,144.27934065,125.796186202,62.3387097836,63.4574764184,188.134895986,4.48350132969,3.0039685790599995,85.60770561389998,18.1839674032,157.541553757,41.1639393304,4.29631466732,2.6591507514700004,78.41941981779999,44.7892272409,126.625569406,62.7230432703,0.977258429167,0.529599946121,0.800486631016,0.646551724138,0.786582035301,0.657980971095,0.9942062033700002,0.520572100313,50.6263636466,0.226737777632,0.375307460082
0.4084820296649999,0.00960222230546,0.0298325827685999,0.151093108923,0.0535978605784,0.109180065905,0.530325478002,0.0186323956035,0.0,0.0355706767894,0.0067851155044999,0.0122130099603,0.22224431088,0.0481546336207,0.134303648429,133.17251997399998,42.164752013000005,91.00776796100004,175.337271987,111.918900739,42.5941181763,69.3247825628,154.513018916,142.575422836,42.9454096874,99.6300131483,185.520832523,85.93932148799999,68.4281388594,17.5111826287,154.36746034700002,75.4014345366,62.7220074572,12.6794270794,138.123441994,91.4823269739,70.1968283991,21.2854985748,161.679155373,4.18569678378,2.85952358863,63.3393971554,28.9541123185,144.253238066,43.1270215596,3.94986531186,2.49544965337,53.5076318819,48.2465683704,93.577078027,71.1520280774,0.960129994692,0.42544450431,0.752227404289,0.543029976489,0.675191049673,0.60498732894,0.9961337047299998,0.410067471591,87.7249441925,0.514836591435,0.47532042904
0.451289886056,0.0065365039530699,0.0,0.159735551989,0.045227503227,0.00737379632797,0.0,0.0,0.00373551251633,0.00486307706959,0.0018733711313499,0.0,0.375018535516,0.0642143416928,0.0891252797861,93.0327651336,38.140917693,54.8918474406,131.17368282700002,72.49455042719998,35.3514474183,37.1431030088,107.845997845,123.726072652,45.7115102229,78.01456242909998,169.437582875,95.3814655172,52.1659188345,43.2155466827,147.547384352,87.20797413790001,53.6554747984,33.552499339499995,140.863448936,120.363296557,54.3981445848,65.9651519718,174.76144114099998,4.514885635400001,3.0058557093,110.875275863,25.725183722,124.172599142,45.6469841454,4.18345449705,2.4929832704400003,86.65728778899998,44.0922453982,121.814401082,55.4077543263,0.9632424368450002,0.468511216693,0.828331773238,0.544817789969,0.654963545597,0.689030540845,0.992884558267,0.454524025274,71.0031672248,0.15330429093,0.179587110975
0.244040369626,0.0032622433769699,0.102983278686,0.184221837736,0.0101396948376,0.0409792964831,0.0,0.0,0.000342648355073,0.024913051762,0.0,0.00205112315167,0.0633795189603,0.0182791682994,0.319735748392,149.586994859,32.5394847851,117.047510074,182.126479645,132.67727289799998,33.2262333959,99.451039502,165.903506294,199.447688017,35.0960537143,164.351634302,234.543741731,86.5222895033,63.2478680652,23.2744214381,149.770157569,81.2543225901,57.4005970441,23.853725546,138.654919634,116.170938235,74.4346503413,41.7362878934,190.605588576,4.65266332487,3.03599683585,87.3391867722,19.5925541974,199.539979738,35.109993574200004,4.14641238625,2.46380121046,99.7633902332,61.1809517407,116.51502498,74.81306494409999,0.980688806087,0.248845880682,0.76824056994,0.3176613930249999,0.663472216228,0.36782304316,1.00564212161,0.242671189263,101.927087129,0.30381568444,0.4476813791219999
0.291223182798,0.0151680222932,0.329862259608,0.172198888127,0.00289960248402,0.0099566334526,0.0,0.0,0.0,0.00575003836863,0.0,0.0,0.135520481851,0.025011020768,0.241426007866,156.522076097,30.4704577469,126.05161835,186.992533844,85.2833710882,21.7477977186,63.5355733696,107.031168807,213.024037251,33.7359039971,179.288133254,246.759941249,131.244354918,45.8403670208,85.40398789689999,177.084721938,81.85806475309998,36.6679852474,45.1900795058,118.526050001,145.397632372,60.0399507832,85.3576815885,205.437583155,4.34080438439,3.00909090027,151.97506082700002,23.9016351042,213.281315547,33.5206511063,4.01377929502,2.75032255727,112.73664038,35.69079675790001,152.197887074,58.3883944358,0.951821501826,0.305964072296,0.7540409004439999,0.38621669279,0.472793022334,0.615963368833,0.98968799742,0.294257567594,202.292510327,0.335499093441,0.339831518446
0.556480391677,0.0108318783038,0.336790517049,0.0,0.0296305833755999,0.0425933616856,0.0,0.0,0.0,0.00244804561177,0.0,0.0,0.0,0.00136228938088,0.127223360976,23.6705757691,37.5423335328,-13.871757763800002,61.2129093019,8.083837069489999,23.168713758600006,-15.0848766891,31.2525508281,135.397064879,83.5229130294,51.8741518496,218.919977908,16.7852909483,31.1673930297,-14.3821020814,47.952683978,5.53064998041,18.1726190425,-12.6419690621,23.7032690229,94.1371503967,86.3113949639,7.82575543288,180.448545361,4.19752774076,2.38135412715,244.195619829,29.4809422104,135.411054195,83.51384913529999,4.04768088665,2.3320118471,224.057347791,73.3764207058,94.1964880486,86.25615115469999,0.952638203619,0.5841466251959999,0.7920767721449999,0.702558654976,0.616171889309,0.903125250165,0.9657312345850002,0.57622697884,124.575994108,0.257604019287,0.22173185654
0.441332141938,0.00239289926394,0.157184232186,0.204246273108,0.0524864197246,0.0,0.0,0.315967845155,0.00317742284076,0.0100929588069,0.0,0.0,0.0971990563305,0.0278274392632999,0.278283277297,129.52626948399998,59.3369026361,70.1893668477,188.86317212,73.9821337028,34.6303879286,39.3517457742,108.612521631,156.661288535,72.3766207384,84.2846677964,229.037909273,133.551194529,63.423112420600006,70.12808210819999,196.974306949,83.51520559859999,45.088412311800006,38.4267932868,128.60361791,141.22207766,67.3614921692,73.8605854904,208.58356982900003,4.18768242072,2.94602543411,130.104648424,24.9893132934,157.552816072,71.73213550770001,3.95259976149,2.82463090741,108.819320631,30.6461558812,147.697599309,68.7074434482,0.973527134308,0.453333170063,0.876908711416,0.503281739812,0.65817966734,0.670534451059,0.966245255743,0.45674960815,65.5159204527,0.566758824685,0.491790956949
0.201217338669,0.0024088181510799,0.0532576693980999,0.654104095596,0.0896040542981,0.0,0.0,0.0369733775542,0.00550994756511,0.0222409868420999,0.029653921295,0.0403136094048,0.000346333268557,0.00690328663793,0.332539917261,186.290455173,42.7131354801,143.577319693,229.003590653,154.245408078,39.094067437,115.151340641,193.339475515,203.956211797,47.1899086894,156.766303108,251.146120487,69.8655894886,80.13775511919998,-10.2721656305,150.003344608,58.8440163352,68.68832106880001,-9.84430473359,127.532337404,77.8441602175,88.23745657299999,-10.3932963555,166.08161679,4.24560050289,2.9485251552900005,65.9873807465,23.5670334881,204.883529751,46.9012647469,3.83464715292,2.53041580636,54.3554320141,58.8837871763,78.23487705719998,88.36250692649998,0.845485020522,0.237990424177,0.6888083813339999,0.292123824451,0.558546650047,0.360251625629,0.8908641924129997,0.22586757935,69.78696991300001,0.338338110992,0.375539762784
0.505472411584,0.0087084116071999,0.0,0.393824012021,0.0911284498125,0.0161478790011,0.0,0.0,0.0586606965044999,0.00578988310435,0.0,0.0,0.0433052277115,0.0199812646944,0.112544373844,86.53036366269998,52.5572743959,33.973089266799995,139.087638059,57.06405203470001,31.2803998041,25.7836522306,88.3444518388,178.65190294299995,83.6797779124,94.9721250303,262.331680855,86.04848219529998,60.641209072,25.4072731233,146.689691267,61.3570330868,42.2840527427,19.0729803441,103.64108583,144.521900715,81.7539290607,62.76797165439999,226.275829776,4.5527145643,2.83643837922,165.18942379799998,39.2961855509,178.85078100400003,83.3328949048,4.37324520416,2.6888377115,140.060035634,46.7351136224,146.114080256,81.75994729119998,0.945820088206,0.5344276547810001,0.8614037628909998,0.586800793495,0.7217178178899999,0.700374022997,0.998817961772,0.506070606387,91.5138836377,0.3807771297519999,0.300051384988
0.291761447673,0.0057630933447,0.0613640565454,0.201898213243,0.015818703804,0.0542179370515999,0.189309446933,0.0,0.0,0.0272415245319,0.0,0.0,0.115266520042,0.0309714194749,0.308128256937,156.272159983,25.6915662222,130.58059376100002,181.963726205,126.761867867,26.3688481843,100.393019683,153.130716052,192.970442886,22.154391476,170.81605141,215.124834362,74.34420613729999,72.9002573888,1.44394874856,147.244463526,63.745065145,63.6992458958,0.0458192491763,127.444311041,90.110403605,86.25660948169998,3.85379412328,176.367013087,4.46775170632,3.02377512511,88.7182075175,19.9354344266,193.195728196,22.3699875824,3.92733099585,2.42067455592,62.81527049859999,61.3210859332,90.5841466252,86.14140726169998,0.950793386251,0.306861040361,0.819396343034,0.356068769592,0.507863798418,0.574487586202,0.963861158092,0.302700700431,191.43473383,0.423154979692,0.373684826154
0.666877273784,0.00186698773357,0.0,0.0498091774425,0.0,0.0,0.0,0.0,0.0,0.0016480025954699,0.0,0.0,0.0,0.0010990154780599,0.0886993899429,72.7281520448,16.0350256649,56.6931263799,88.76317770969999,47.3593039841,14.5488789541,32.81042503,61.9081829382,140.90690283,48.8411533796,92.0657494506,189.74805621,65.9386755486,17.6772846923,48.2613908563,83.61596024089998,41.4365969093,15.4591740192,25.9774228901,56.895770928500006,108.973198104,62.1111490574,46.8620490471,171.084347162,4.58763934449,2.94427876249,163.823134181,24.2841816946,141.280901298,48.1484450659,4.4381996608800005,2.59217993165,149.25873395899998,32.3171729406,113.258259453,57.0969443239,0.9649631349200002,0.691090933582,0.875588695557,0.7616330329149998,0.634601606107,1.0508597321,0.977309980597,0.682360036246,96.8208797561,0.4797037443999999,0.436726063229
0.944569414511,0.0028011839041999,0.0,0.0,0.0226072568035999,0.0239339284718,0.0,0.0,0.0,0.023784220915,0.0,0.0,0.0,0.0225374706112999,0.17186461836,94.8068432886,58.7878729453,36.0189703433,153.594716234,50.7005105578,43.8547409503,6.84576960748,94.5552515081,134.41055196,76.6617518006,57.748800159,211.07230376,94.4871577439,59.3688150066,35.1183427374,153.85597275,50.7194173687,43.9366015894,6.782815779380001,94.6560189581,132.772173173,77.9737523386,54.7984208344,210.745925512,4.300603150490001,2.909789879,157.83621332,37.2945071394,135.079803811,75.95961988969998,4.28253581355,2.88673706018,156.18828676,37.5989154069,133.694326754,76.987968463,1.00062676474,0.943977762539,0.947956049718,0.996427434365,0.526060397135,1.7955531715700002,1.04988725864,0.8996865203759999,359.325197713,0.498117178787,0.3875437759139999
0.2729130290929999,0.00689243394262,0.0767694095173,0.571646433113,0.0131537788509,0.0481976946816999,0.0,0.0,0.0,0.0925133527762,0.000188113655484,0.0931922661373999,0.0233811352274,0.0457729231974999,0.154372605042,164.928491483,68.4307996406,96.497691842,233.359291123,136.560372037,62.6240164041,73.9363556327,199.184388441,183.563158955,66.752019553,116.811139402,250.315178508,100.081088362,78.300956048,21.7801323141,178.38204441,88.56970941909998,70.6069950939,17.9627143252,159.176704513,106.717620371,83.1422198195,23.5754005518,189.859840191,4.27500200185,2.900006377,85.5895731202,61.6135442636,184.397152643,67.0341739603,4.18241478397,2.4547297836400004,54.4536423638,58.5807135186,108.976057381,83.5202206563,0.927192986213,0.294343284679,0.814165487925,0.335205843456,0.616646717928,0.442575985825,0.950169236351,0.287225705329,63.8262261423,0.647636523259,0.557833088631
0.221667430197,0.0076926521490299,0.134284792973,0.47472325627,0.0607383698483,0.0179319068468,0.0,0.0,0.00537711254003,0.0354047113851,0.12555225921,0.00921992447762,0.0,0.0203761755486,0.381236618091,166.664161436,55.6799188358,110.9842426,222.344080272,139.673535404,49.014690428,90.6588449756,188.688225832,158.164037551,47.0188733267,111.145164224,205.182910878,99.0400972277,70.4049974315,28.6350997962,169.445094659,90.8413131857,64.9099245303,25.9313886555,155.751237716,95.76507702290002,67.3656551048,28.3994219181,163.130732128,3.60182211527,2.58172838776,54.435015416800006,38.4963989795,169.968464376,51.91556027359999,3.62544985846,2.395599243,45.1289613538,48.3571513966,103.149028336,71.8144527447,0.910759157758,0.243387539185,0.6915458147429999,0.320539038009,0.574789539102,0.385649729366,0.8857477899229999,0.250260212578,165.908548524,0.447517961932,0.57461178202
0.460762092112,0.00391945571332,0.359034148534,0.154284197515,0.273333955202,0.0,0.0,0.107373303416,0.897936529205,0.0168094359208,0.0124969370252,0.000400748089851,0.0,0.0077451508620699,0.2605892737119999,174.619078258,51.57905514310001,123.040023115,226.198133401,94.744657,33.9983369485,60.7463200515,128.742993948,205.509850224,49.3215201651,156.188330058,254.83137038900003,134.416199304,56.7893663619,77.6268329426,191.205565666,77.8394029193,31.762495703200003,46.0769072161,109.601898622,152.371363147,65.3504324093,87.02093073719999,217.721795556,4.194127719030001,3.00532361876,138.726057655,24.1956480908,206.047174943,49.5257520892,4.11042293447,2.95526659065,120.757980873,27.0877289208,153.80934071299998,64.7285051719,0.927235383748,0.496920307602,0.781772247556,0.589381490008,0.6123460278580001,0.752453794341,0.954835386416,0.482556573276,87.01234553219999,0.65807769948,0.636423333721
0.600491552665,0.0084898090309799,0.181998823971,0.0569678745813,0.134969077021,0.0009208443146749,0.0,0.0138683313272999,0.0,0.00296195591491,0.0,0.0,0.0,0.0017786295062699,0.178032293246,78.87169013729999,38.1902803672,40.68140977,117.061970504,41.1594998599,23.7639357548,17.3955641052,64.9234356147,152.809249026,47.9657083152,104.843540711,200.774957341,57.0099707337,41.4804010708,15.529569663,98.4903718045,30.3225166536,23.7558521592,6.566664494419999,54.0783688128,112.799679173,63.3951983299,49.4044808433,176.194877503,4.60207183004,3.03151954676,191.457954111,25.5430284396,152.917945453,48.0708332213,4.560611711469999,2.9546198015700003,192.833289454,28.7498026075,112.873873433,63.4709245392,0.947192856379,0.633969680643,0.8900401502230001,0.674679173197,0.5649875747959999,1.06284028084,0.975561345552,0.615534384796,93.9513979263,0.397520277802,0.41348412467
0.252268585481,0.00626112881477,0.0927220072491999,0.6026986715529999,0.0412847214219,0.163653834833,0.616025770083,0.0,0.0,0.201880790949,0.335266089524,0.00380786356843,0.00211195868945,0.0522537470610999,0.301851775974,194.878145006,38.159610192,156.718534814,233.037755198,171.92603260299995,39.3991161069,132.526916496,211.32514871,224.98058839900003,34.574536724,190.406051675,259.555125123,91.7800836354,77.13895248039998,14.641131155,168.919036116,83.4848341987,68.7463795461,14.7384546526,152.231213745,106.403748898,87.5662816399,18.8374672581,193.970030538,4.44909795323,2.96528977425,61.7981629171,26.0841304911,225.099429996,34.5504111862,4.2510826029,2.62007610766,49.6608909679,31.2292216489,106.888209615,87.4815176326,0.900493351169,0.280144861873,0.7675295914719998,0.328676038401,0.548517750517,0.45990961139,0.9099999675210002,0.277218235697,107.733071173,0.627977244426,0.450188013378
0.746751898741,0.015236415883,0.0788256111123999,0.080047727849,0.0,0.0,0.0,0.0,0.0,0.00244331400578,0.0,0.0,0.0,0.00182454937304,0.0314334002729,64.83562759670001,41.5163071433,23.319320453400003,106.35193474,48.7307341233,30.8392441392,17.8914899842,79.5699782625,189.291463539,68.6929095215,120.598554018,257.984373061,52.8928720121,42.939040960700005,9.953831051480002,95.8319129728,40.0071298246,31.9661242224,8.041005602289998,71.973254047,155.654321366,87.561330993,68.0929903726,243.215652359,4.61869015302,2.76630881688,197.206520538,28.6896509809,189.305085856,68.7018514465,4.48713771625,2.59758406542,200.354865669,38.1339887284,155.672444406,87.55671440309997,0.975864477426,0.7652209051719999,0.8155553973459999,0.9156360207680002,0.6504989867809999,1.14796781227,0.9857589793510002,0.7575400421239998,154.590019913,0.402723276072,0.403811568506
0.4863225305799999,0.0178730686044,0.21171130678,0.245661839138,0.0399983648925999,0.0,0.0,0.0031679657517,0.00156316560803,0.00366359919331,0.0,0.000954353439438,0.0,0.00245212088558,0.0782691025557,113.9087868,46.3955796642,67.5132071361,160.304366464,67.3480450721,30.9462950779,36.4017499942,98.2943401501,191.467698731,51.5384317389,139.929266992,243.00613047,101.608208635,41.3929871758,60.2152214596,143.001195811,61.5376573521,26.7999896816,34.7376676705,88.3376470336,183.92700578,53.0774064633,130.849599316,237.004412243,4.56660411376,3.04744244083,167.333280934,23.2775549024,191.471804771,51.5432871702,4.61109113296,3.04693667219,170.203128061,21.3912092667,183.929956897,53.0804476025,0.946413109821,0.513858615792,0.8759624633949998,0.555186495886,0.604087677318,0.8050528902339998,0.964173828766,0.504393000588,84.4375736528,0.466574971272,0.491928229671
0.3578479033169999,0.007298125461,0.0578308919571,0.463641345792,0.210118541686,0.388419665391,0.0,0.0546432376281999,0.0113540985161,0.0749087561334999,0.556519507694,0.0034408269111499,0.168756767694,0.105098329741,0.298542758518,164.81995559700002,36.7798397417,128.040115856,201.599795339,149.28461275700002,34.6473642254,114.637248532,183.931976983,189.373093673,47.29173176770001,142.081361905,236.66482544,136.30947235,57.7724917199,78.5369806302,194.08196407,128.237898584,55.6380101301,72.5998884544,183.875908715,151.50443585899998,62.4941423483,89.0102935109,213.998578207,4.45517966015,2.92754041931,51.245026043900005,22.6177152909,189.513705064,47.17392748010001,4.428484448530001,2.67472880217,43.527506000200006,22.314318463000003,153.182586574,63.0592419867,0.9161911550320002,0.390582141458,0.7719796903039999,0.463545748433,0.557561769029,0.641808537088,0.929301867504,0.385071757445,89.56541473059997,0.692123818335,0.506940042508
0.676251577482,0.0097369205813199,0.0663591776346,0.113499036223,0.0,0.0,0.0,0.0,0.0,0.00442278301244,0.0,0.0,0.0,0.00299091398903,0.220081666373,107.92628466,37.4958556559,70.43042900419998,145.422140316,36.63443938,22.6266859704,14.0077534095,59.2611253504,133.303932208,51.2626996768,82.0412325315,184.566631885,110.060868314,51.1011540343,58.9597142798,161.162022348,39.4618099775,27.9248116246,11.5369983529,67.38662160199999,106.709109889,61.3988245342,45.3102853551,168.107934423,4.09954197563,2.91287496986,189.107222313,28.1312143254,135.929097256,49.2907915959,3.98779876434,2.62906838612,189.873597913,31.5053606935,129.551537397,58.247284591,0.972171351278,0.695609448472,0.869051663909,0.7781488783310001,0.651625634462,1.0377915504200002,1.00018398583,0.676127179663,81.71692078409998,0.456375879187,0.322501545778
0.29014369977,0.0,0.0310790820541,0.585150667585,0.143069953785,0.458984976983,0.0,0.0,0.00362434780625,0.0464481791161999,0.0,0.0,0.0568146718791999,0.0464923344436,0.0,130.420567436,48.6787801469,81.74178728869998,179.099347582,110.015196161,50.1908447465,59.8243514144,160.206040908,161.378809564,48.2249455957,113.153863968,209.60375516,72.65885212579998,69.72247673369999,2.93637539204,142.38132886,65.1092862216,66.0265892414,-0.91730301976,131.135875463,86.5263824941,79.333634028,7.19274846615,165.860016522,4.482778848130001,2.98163020642,89.00695613739998,40.9328109958,161.78762207399998,48.0440306285,3.9734742774,2.4461549829400004,67.8099131808,64.91946765510001,87.3364395572,79.6471985205,0.96636465998,0.300242456897,0.849257888819,0.341643808777,0.640116956394,0.4532666989559999,0.971894218423,0.298534237853,135.087453609,1.0,0.54166204997
0.393770441415,0.00518422141584,0.0113451644862,0.509226190476,0.26415102973,0.0139154248517999,0.0,0.136676127073,0.33089938648,0.00709224157955,0.0,0.000447155433859,0.0522122894639,0.0293856534090999,0.429051880813,132.961569642,35.5393727612,97.4221968805,168.50094240299998,89.00157633309998,25.1386899127,63.8628864204,114.140266246,191.557700226,44.9373068124,146.620393414,236.49500703900003,104.549203531,56.5237857112,48.0254178196,161.072989242,88.66353997559997,38.5975474275,50.065992548100006,127.261087403,125.179644379,75.3360642402,49.8435801389,200.515708619,4.48860626914,3.04720105363,134.073984713,26.9844035292,191.66641574,44.9646507792,4.35996305431,2.55508448407,115.464151278,65.18564650229999,141.322788149,61.9591381828,0.984800799459,0.399847808442,0.8746657961149998,0.4501953125,0.651740479745,0.604182882072,0.993002538306,0.396545251623,85.13632177089998,0.5144714533429999,0.409304353483
0.615431944476,0.00525077169387,0.31358707031,0.046959684638,0.0109185437988,0.0177412691959999,0.0,0.0,0.0,0.00777478348418,0.0,0.0,0.0,0.00478485011755,0.172243996627,109.434649867,55.0341309878,54.4005188797,164.468780855,61.7451871047,35.26938721030001,26.4757998945,97.014574315,198.387215918,74.94253384619998,123.444682071,273.32974976400004,91.23069834930004,51.3076931689,39.9230051804,142.538391518,54.5218547953,31.1507905988,23.3710641965,85.6726453941,158.468921434,83.673779505,74.7951419292,242.142700939,4.576211102569999,3.0171665794700004,175.40333502099998,28.600084945,198.404546312,74.9313255724,4.5306851125,2.97705718068,158.000590836,35.8903821248,158.597689925,83.5083192135,0.930991299528,0.6610501567399999,0.69471978317,0.8858707631269997,0.584082809269,1.05367241547,0.925829129847,0.664735991379,126.501387433,0.363046181234,0.344934144842
0.416340138029,0.0145126142562,0.0706728908669,0.332159212369,0.0745497705661,0.179032938517,0.0773122648847,0.0733891352496,0.000618783128043,0.102432938241,0.0582966937033,0.00228569472897,0.145366009613,0.0900787124059999,0.417008574555,135.513961973,56.7609700648,78.7529919081,192.274932038,124.289974041,58.6454943785,65.6444796621,182.935468419,177.382831685,62.160183518,115.222648167,239.543015203,110.223331767,61.9947898178,48.2285419491,172.218121585,106.339271029,60.9875932555,45.3516777737,167.326864285,134.56377760799998,71.0349037124,63.5288738957,205.598681321,4.56049025751,2.88966583436,85.5272924998,37.6602417298,177.415491475,62.1844464918,4.1405209159,2.46525271953,57.7160038769,38.5194620212,135.07483552600002,70.9402162623,0.950422327832,0.438058035714,0.7465530345269998,0.557683270677,0.76701679816,0.542804458817,0.9785013473880002,0.425487546992,42.8058863034,0.533126175357,0.375186967155
0.488946469801,0.00906880752889,0.0,0.356205172606,0.125449858627,0.012180025634,0.0,0.0,0.0276464614076,0.00154648246015,0.0,0.0,0.0510499808533,0.0189404143809,0.3202048590219999,122.657157326,27.8689495463,94.7882077798,150.526106872,73.7719571361,16.2436306026,57.52832653350001,90.0155877386,165.449158477,40.0220412143,125.427117262,205.471199691,117.997948913,39.974399159,78.0235497536,157.97234807200002,77.3812879604,32.1858258737,45.1954620867,109.567113834,133.368353865,52.2181264555,81.1502274091,185.58648032,4.380055915280001,3.05180852432,138.58233926,18.510314598,165.502250731,40.0404155513,4.06638216123,2.6720252289900004,109.143355701,34.1907523459,140.288098183,50.4175612716,0.988160056172,0.494804932406,0.8764647670739999,0.557862093456,0.7618221012209999,0.6418118731620001,1.00776912812,0.485177067006,34.702722651799995,0.0916541168393,0.294228635141
1.0,0.00766743374982,0.0,0.0,0.0,0.0,0.0,0.0,0.0,0.00318667763158,0.0593731457628,0.0,0.0,0.00318667763158,0.0704887218045,105.036228266,31.8028142025,73.2334140634,136.839042469,62.8583617246,20.3020508472,42.5563108774,83.16041257189998,186.010808271,44.921005495,141.089802776,230.931813766,105.036228266,31.8028142025,73.2334140634,136.839042469,62.8583617246,20.3020508472,42.5563108774,83.16041257189998,186.010808271,44.921005495,141.089802776,230.931813766,4.58318919289,3.0513621211799995,166.82793409299998,20.9655031368,186.018312383,44.9300080558,4.58318919289,3.0513621211799995,166.82793409299998,20.9655031368,186.018312383,44.9300080558,1.01569118788,0.9845512218050002,1.00779943465,0.992260925752,0.586089124572,1.70622514235,1.06730196546,0.936941964286,114.582130279,0.229158165883,0.299704372593
0.8872836904159997,0.0,0.0,0.0,0.0,0.0,0.0,0.0,0.0,0.000841853822191,0.0,0.0,0.0,0.0007469631661439,0.0,108.478470021,26.8230480288,81.6554219927,135.30151805,57.8066698622,15.3208651619,42.4858047003,73.12753502399998,197.554620661,49.40407708470001,148.150543576,246.958697745,103.958173124,29.0436628667,74.91451025739998,133.001835991,56.08713141649999,15.6757979186,40.4113334979,71.7629293351,184.70698533,59.7276727812,124.979312549,244.434658111,4.56676678132,3.0776487568,178.77562062299995,14.169818476,197.556879351,49.4052707463,4.53226504421,3.04405074583,172.29409837900002,23.6939848723,184.75498995900003,59.6420257947,0.988427313633,0.8976721688869999,0.921939394983,0.962409997061,0.596867994096,1.48656604005,1.03128528336,0.860366869122,243.153437591,1.0,0.335599702927
0.379892716785,0.0110318248087,0.153247969201,0.310324370736,0.0077637108918799,0.0204365878809,0.0177730185729,0.0,0.0,0.00572506093566,0.0062116329913,0.00105874287777,0.0292493656277,0.0113942496082,0.221574875261,137.361332583,49.7421241478,87.61920843539998,187.103456731,111.519000161,43.55609822979999,67.9629019309,155.075098391,182.778186787,59.1020023671,123.67618442,241.880189154,97.7653556034,61.8178364159,35.9475191875,159.583192019,82.0697339097,53.1590994003,28.9106345094,135.22883331,124.653249902,77.647668796,47.005581106,202.300918698,4.53376203781,3.02146410683,111.374899534,44.1822508398,182.823726089,59.1124472295,4.44807678066,2.7696204149,88.4774502841,52.8497690111,125.495833537,77.4872045891,0.900845972822,0.4217066271549999,0.761220925617,0.499057112069,0.659732741673,0.575828199494,0.943754166052,0.402533552116,94.1830591637,0.371161788309,0.307250195689
0.2167137870529999,0.0,0.892443846906,0.12851962273,0.0,0.0,0.0,0.0,0.0,0.00395531294087,0.0,0.00143385337366,0.0,0.00127963362069,0.0,159.75765781,81.0407563241,78.716901486,240.798414134,71.14649968969998,43.3427006076,27.8037990821,114.489200297,198.57550629,76.768622139,121.806884151,275.344128429,90.5236181181,75.0461790832,15.477439035,165.569797201,35.6639737216,37.8083805414,-2.14440681985,73.472354263,121.324365694,90.7925331575,30.5318325361,212.116898851,4.25397036458,2.9587074862,173.87555706,33.3702897566,198.691332431,76.82658329829998,4.237112510119999,2.92756875134,198.544128992,35.7220175294,122.18169879,90.0673769913,0.950314917354,0.2280441810339999,0.8571774734639998,0.252822541144,0.581736250851,0.3725292806419999,0.969512015332,0.223528727469,169.104914372,1.0,0.155273551403
0.383838836034,0.00663631513538,0.158499581259,0.377850921423,0.0464525132153,0.0,0.0,0.0107407004568,0.0136568160454,0.00153518321597,0.0,0.000626013816689,0.0910526208433,0.0350674715909,0.468356706845,144.46739779700002,47.2306571154,97.2367406817,191.698054912,81.7944870539,28.2665953681,53.5278916858,110.061082422,203.308882677,54.8822255235,148.42665715299998,258.1911082,121.085288499,53.9453063974,67.1399821018,175.030594897,77.96939287809998,43.2222698792,34.747122999,121.191662757,144.940956235,71.8100052884,73.1309509469,216.750961524,4.39907832175,3.0137033782,150.942409545,23.2355986112,203.407871996,54.8982649607,4.088837317099999,2.74859214194,114.390621939,40.8996766761,149.19534311299998,69.8175811238,0.9421079197490002,0.407425548589,0.879968971152,0.436195875784,0.588115499768,0.652658935508,0.961196357266,0.399334468064,66.49178471479999,0.371283043388,0.6323745696399999
0.432148288636,0.0133548898594999,0.0652318659145,0.32860412729,0.013766283845,0.0318554630599,0.0,0.0,0.0,0.0539511079005999,0.500137537238,0.000524694601424,0.19944932436,0.0902815193966,0.171238719511,137.037429334,60.1705579859,76.8668713477,197.207987319,119.147021573,56.7514148448,62.3956067284,175.898436418,170.064740719,66.0051053904,104.059635328,236.06984610900005,129.344689827,58.6160580222,70.7286318044,187.96074784900003,121.789665581,57.7517678958,64.0378976851,179.541433477,153.79816075600002,62.898621449,90.8995393073,216.696782205,4.54747398387,3.00635817197,85.14458052969998,34.1937646769,170.151896585,66.0755103212,4.36296738072,2.64115121278,63.513341252,36.4182968274,154.86302716,62.7456327754,0.98708373043,0.437803071121,0.889568407016,0.4857954545449999,0.6327486956889999,0.6829698608310001,1.00888958957,0.428340517241,137.67320035,0.320163944545,0.332238102878
0.2219873806199999,0.0,0.161187544179,0.3108972826,0.00462030692959,0.0208133764932,0.0,0.0,0.0,0.00445423422113,0.0,0.0,0.135047757457,0.0554467084639,0.0,114.365710435,46.9322695939,67.4334408412,161.297980029,94.4321332307,40.3796103011,54.0525229295,134.811743532,124.063067275,48.724209697700005,75.33885757769998,172.787276973,96.3331149589,66.7258329565,29.6072820024,163.058947915,93.5135830966,69.0987561069,24.4148269897,162.612339204,109.182378404,78.5249894125,30.6573889917,187.707367817,4.19905911053,2.879166268490001,63.5166263271,22.7979785457,124.88206172,48.9559434216,3.769327385380001,2.47637541553,43.216674422,30.994800063200003,110.628453174,78.50486876089998,0.970080398715,0.228834002743,0.8428667217309997,0.2633718652039999,0.7543109688639998,0.294291598271,0.986189255993,0.225096125588,32.8426388064,1.0,0.501718777888
0.637363860018,0.0225458522225,0.257296101006,0.1273600476369999,0.0354230014374,0.0555773611582,0.4922234397709999,0.0,0.0,0.00184323602854,0.0,0.00342449426599,0.0,0.00205592105263,0.1892351040329999,70.9466244435,29.6687209701,41.2779034734,100.615345414,52.1405984671,22.6350316783,29.5055667889,74.7756301454,169.827321125,54.5808833342,115.246437791,224.40820446,58.088433975600005,33.730294705700004,24.3581392698,91.8187286813,43.4303189615,25.3740188577,18.0563001037,68.8043378192,135.28515625,70.37815030749998,64.9070059425,205.663306558,4.718011917799999,2.99147089329,178.606383955,17.000949794300002,169.832644913,54.5846004026,4.61231348308,2.8476576113300003,172.623781133,23.0885752075,135.29511278200002,70.3726425545,0.8992981934389997,0.7087347274439999,0.7692786013889998,0.82852149906,0.5894106929290001,1.08135781665,0.938683941687,0.678997297932,48.9617012121,0.30792203308,0.232861849459
0.576113841893,0.00420866083502,0.184990674365,0.12596757061,0.0735009954706999,0.0245590025789,0.0275950594746,0.0412266162726,0.0,0.00842229244058,0.0,0.0,0.0,0.0048521992554899,0.0511133700681,140.774064129,53.4548585605,87.31920556809997,194.22892268900003,88.99959667579998,34.8983671121,54.10122956359999,123.897963788,203.507286371,68.6322302033,134.875056168,272.139516574,113.933073325,54.1517171946,59.7813561303,168.084790519,74.68411417519998,33.6197016479,41.0644125273,108.303815823,158.57472693,77.99198178119998,80.58274514859998,236.566708711,4.46678149351,3.02588190759,140.78106392700002,25.2981439579,203.538538693,68.5955747086,4.40596161038,2.95422778902,126.313715346,30.5353735364,158.965994808,77.48349778859999,0.955187509579,0.603142143417,0.8380621368359998,0.6874357121870001,0.708704886048,0.8129107802609999,0.996880194604,0.577916829937,63.5257787915,0.277214298648,0.316149468031
0.470573240807,0.00789866127681,0.3156928893719999,0.1632275147519999,0.0799559121258,0.0076046998032099,0.0,0.0219786701269,0.0125627298033,0.000676574261641,0.0,0.0,0.0135598313908,0.00253171532132,0.0943950184949,97.767020247,39.7023181871,58.0647020598,137.469338434,57.63463874399999,25.8053921121,31.8292466319,83.44003085609998,195.745649533,53.8667796649,141.87886986799998,249.612429198,88.9591129506,50.4705163525,38.4885965981,139.42962930299998,53.84481840220001,34.635146315,19.2096720872,88.47996471719999,149.203183165,70.8499177864,78.3532653787,220.053100952,4.642305814619999,3.04803442176,182.521354475,24.4005045273,195.788605317,53.8868084697,4.50190587755,2.94253917925,166.210196659,38.1087678504,150.22753294,71.632175035,0.950328114677,0.495169230016,0.8509403823529998,0.553003771552,0.628545181176,0.7486705091369998,0.991738964548,0.474493044671,145.853739397,0.3608075331549999,0.412666853892
0.522521035501,0.00541764388945,0.111651244795,0.153256925076,0.0152459119914,0.02917760426,0.0997972411501,0.0,0.0,0.00281220398193,0.00452052517866,0.000417730930744,0.140444943692,0.0230272825235,0.386571877625,116.951078472,46.920767636,70.0303108361,163.871846108,48.2607452537,22.8980958508,25.3626494029,71.1588411045,191.847236434,66.3719823836,125.47525405,258.219218817,108.973271576,57.8022922561,51.1709793201,166.77556383200002,54.1253214391,40.3439695883,13.781351850799998,94.4692910273,158.770556794,79.369550645,79.4010061487,238.140107439,4.43597989598,3.04129060671,186.484923609,25.1158705416,191.86479485900003,66.3747014217,4.3034543129500005,2.9289842540400004,160.10678512,41.9684003874,159.585686471,79.03257417839998,0.9772002231250002,0.534712357955,0.778926615369,0.670821904389,0.58817833859,0.8883717764139999,0.9906534221690002,0.527450896356,169.984140914,0.285631482677,0.503967871409
0.4529250655,0.0116532496619,0.0615135812358,0.32996914185,0.152653820149,0.336990363456,1.0,0.00213957533245,0.0,0.0467790991095,0.1464719723409999,0.0045287645343,0.00731075534576,0.023878330721,0.0811939568843,135.325157555,44.1494052519,91.1757523034,179.474562807,115.545093858,44.48264455010001,71.0624493083,160.027738408,153.032394974,46.3070411125,106.725353862,199.339436087,97.1212743681,57.6411500209,39.4801243472,154.762424389,86.70402809069998,53.223210154300006,33.4808179364,139.927238245,110.582199623,62.5518175394,48.0303820835,173.13401716200005,4.35599480568,2.93285961291,68.4664781852,26.6575436547,153.500694997,46.4667399597,4.3058143303600005,2.71580679504,67.12454998529999,45.158164621800005,111.315720513,62.7028533353,0.971021685915,0.466441761364,0.8408391313509997,0.538658405172,0.637299432571,0.710694286473,0.98832116578,0.458277209052,119.285342768,0.178975121138,0.173353798433
0.563716810441,0.00494037740488,0.218895635008,0.227686174146,0.0,0.0,0.0,0.0,0.0,0.00581074947977,0.00127089813375,0.0,0.0016210895926,0.00366746669279,0.363793189112,105.992332303,50.5400092919,55.4523230112,156.532341595,58.4448294561,29.833396651100006,28.611432805,88.2782261073,184.418518519,77.80881688489998,106.609701634,262.227335403,108.094135727,47.2964490244,60.7976867025,155.390584751,62.4177360893,28.3092315551,34.1085045342,90.7269676444,170.246234571,72.5950934463,97.6511411246,242.841328017,4.52149986747,3.0080582263,165.572750935,36.0243433407,184.479632341,77.7797608569,4.45008173014,2.97826475496,152.824534066,35.9714182405,170.416159507,72.4372317199,0.954447097037,0.590621326411,0.820028404762,0.6874357121870001,0.7212492963379998,0.781583861922,0.995515396637,0.566256245102,61.2007538225,0.467773334351,0.416020985731
0.432685208929,0.00244099207081,0.1734262991539999,0.1985378153999999,0.171936778728,0.171103611917,0.26887098678,0.254569675256,0.0102260537464,0.1145290813499999,0.0,0.00287160287746,0.170336190247,0.0843364273118999,0.102616203471,174.60653758200004,39.2788301176,135.327707464,213.88536769900003,152.22563765799998,40.2462562797,111.979381378,192.471893938,170.579301189,37.4039107726,133.17539041700002,207.983211962,129.277793765,63.8736332367,65.404160528,193.151427001,115.167821806,58.962352585,56.2054692214,174.130174391,126.852955403,62.58742274350001,64.2655326592,189.440378146,3.83801526337,2.66483178818,39.2626542948,14.3364660785,177.0487035,38.320629691,3.99401115372,2.39771223979,36.6033748041,19.9397062763,132.403623384,64.05674671850001,0.883988914789,0.489469043887,0.7847513956029999,0.55136596297,0.570691421857,0.7581771730869998,0.957939744538,0.451683116183,194.612341158,0.4799089627539999,0.5066236195620001
0.4839625375519999,0.0029815139221799,0.513382105634,0.0,0.0,0.0,0.0,0.0,0.0,0.00795120394005,0.0,0.0,0.0,0.00384808483542,0.38402197835,60.3230705116,43.4507404343,16.8723300773,103.773810946,52.4884038113,36.115483172800005,16.3729206385,88.6038869841,181.868902766,69.044430644,112.824472122,250.91333341,39.673365865,37.784606546,1.8887593189900005,77.457972411,34.5530588754,31.8545760016,2.69848287376,66.40763487699999,127.656494906,76.2643031332,51.3921917727,203.920798039,4.31106185357,2.43008456602,192.074363362,32.3843145793,181.883021513,69.0537332399,4.20677028705,2.3989304796,200.788082876,30.8018153919,127.677498653,76.2529163416,0.901816114379,0.536653237657,0.784932184736,0.616566051136,0.564528307391,0.8572865721989998,0.949279835391,0.50982072884,152.151696552,0.373564350669,0.310111959524
0.426807727352,0.036638894194,0.270311356077,0.306313472832,0.279819459034,0.274735836932,0.985691294234,0.0,0.531670733522,0.00206222721985,0.0017994478942,0.0,0.0,0.000880174512987,0.172380218066,77.5302368892,51.2685839012,26.261652988,128.79882079,47.1005088908,32.8389238985,14.2615849922,79.9394327893,169.643984057,69.4400835498,100.203900507,239.084067607,82.30235135959998,53.8214687624,28.4808825971,136.123820122,65.1938971185,36.5409753254,28.6529217931,101.734872444,160.987784091,83.9564535196,77.0313305714,244.94423761,4.69449028917,3.0234831805299995,183.67050806,30.6172634357,169.667916158,69.4494165574,4.746641557059999,2.9615954767000003,182.18575487,38.6137943439,172.812086546,67.4645731687,0.954319604985,0.447237723214,0.7429691377069999,0.5744622564940001,0.566731718181,0.7531036532109999,0.941720180612,0.4532213879869999,160.843333801,0.584033885088,0.50214070369
0.301055856806,0.00448212714749,0.0530441570240999,0.195489288486,0.0318031513154,0.10563870656,0.0659784812601999,0.0,0.0,0.0171078162281,0.0211678617058,0.0,0.228475780052,0.0490607856583,0.233974464546,108.010503265,41.7973642631,66.2131390015,149.807867528,91.0882436433,44.2244020927,46.86384155060001,135.312645736,130.645200535,38.0133230327,92.6318775026,168.658523568,77.0404339734,59.144646373,17.8957876003,136.185080346,72.81825528999998,58.5860740317,14.2321812583,131.404329322,95.055961011,62.414428122,32.641532888899995,157.470389133,4.483470855759999,2.94500787819,87.88387606959999,40.9971015737,131.316983657,38.5664085654,3.94838598613,2.48902831497,77.9517076068,54.0687066985,95.7994158993,62.7442536023,0.951245883817,0.316485844436,0.8143835665369998,0.369673295455,0.6892162320899999,0.436809005343,0.973988807947,0.30909580721,46.6205531709,0.559891975408,0.6758150695880001
0.298235728706,0.0,0.0345172495428,0.558744007007,0.1941609978139999,0.273099973936,0.0,0.0682799380772,0.0152967685688999,0.0091883476621,0.0,0.00540868039119,0.0595999007861,0.0370450871865,0.0,132.549747601,38.8667464936,93.6830011079,171.416494095,110.378495438,38.9443216368,71.4341738016,149.322817075,153.339340385,33.7127961467,119.626544238,187.052136531,81.2696139058,68.4668524462,12.8027614595,149.736466352,71.6821334982,63.8468667141,7.83526678418,135.529000212,89.1634257445,73.143226428,16.0201993165,162.306652173,4.36517354235,2.89177947042,76.5760933004,32.478260621,154.261972292,34.4628369796,4.0674491473000005,2.39274065367,63.563311251,58.9844170631,91.5782443917,73.7060645273,0.88090794184,0.338554932406,0.7310228430059998,0.4079704643419999,0.5813811653809999,0.512977967751,0.907604857516,0.328596443966,176.262398683,1.0,0.367972197307
0.308265203858,0.0202908906509,0.230873132952,0.216844139448,0.112876771006,0.0,0.0,0.0567431282156,0.0133678416093,0.0159389567263,0.00232697659889,0.0192797043789,0.0430869944167,0.0145994563087999,0.287316173328,103.311750671,42.7458841524,60.5658665184,146.057634823,71.6107893512,32.298705108,39.312084243200005,103.909494459,182.582949697,69.6276739299,112.955275767,252.210623626,82.73831798589998,37.964559334,44.7737586519,120.70287732,61.70153005,30.0504054794,31.6511245706,91.75193552930004,128.490650715,65.6626193545,62.8280313606,194.15327007,4.57697298759,2.9487497350700003,149.309077589,32.0703250093,182.739463602,69.3812652976,4.42895144768,2.78885767019,122.863146552,38.3152657835,129.135279928,65.00782107170001,0.842819297862,0.3657548001569999,0.684871648176,0.450106534091,0.564371198499,0.546210020422,0.897338891891,0.343532645964,224.413190181,0.530499811889,0.578238052699
0.378641398994,0.0129111266217,0.197830916906,0.399503469151,0.1241920287849999,0.0143671906738,0.0,0.108514682128,0.19119165308,0.0,0.0,0.0,0.0023525443372399,0.0009398496240599,0.222022473004,96.8667027696,23.1915720032,73.6751307664,120.058274773,74.25932229609998,15.0742418522,59.185080443900006,89.3335641484,172.697044716,40.7847093077,131.912335408,213.48175402400005,129.672256814,57.8002988837,71.8719579303,187.472555698,87.7951862077,30.2585638622,57.5366223455,118.05375007,134.500631461,54.106164183500006,80.3944672779,188.606795645,4.69897459227,3.0420036086400004,143.245474238,16.8442021963,172.79367167,40.7025517567,4.963631326780001,2.3724014229900003,136.07744948299998,30.5447404107,170.89846687,47.9184676367,0.999339742874,0.37889156485,0.883012489927,0.428806390977,0.5603273248399999,0.675750373412,1.02037930689,0.37107906485,73.8315134325,0.7221217552760001,0.6940735594480001
0.4509043872739999,0.0162147671569,0.139066581766,0.372328880367,0.0578784685406,0.128360845834,0.0494259783837,0.0,0.0,0.0135514396787,0.0006589439423799,0.0,0.1084494693889999,0.0464892731191,0.0928845250296,105.170824556,68.7013911263,36.4694334296,173.87221568200005,88.0898727232,62.9037971574,25.1860755658,150.99366988100002,133.25575251799998,72.6569349331,60.598817585,205.912687451,91.6716607073,68.3122200111,23.3594406961,159.983880718,82.9505841007,66.0402681203,16.9103159804,148.990852221,109.694259404,72.9235289298,36.7707304746,182.617788334,4.49320290407,2.94945065743,121.55315618,72.0314582429,133.332125367,72.6710874286,4.45839593971,2.71931078327,96.0856252449,75.9350427384,110.946941125,72.4284227048,0.92209938729,0.488997599922,0.7795794529859998,0.578394396552,0.565356934324,0.797557012037,0.9512194436300002,0.474027723354,121.31847676,0.3617497638,0.397944676796
0.495073956797,0.00355972007729,0.449966961706,0.0146318343168,0.0,0.0,0.0,0.0,0.0,0.00233738944807,0.00532519434093,3.03887108314e-05,0.0,0.00116330329154,0.143452445704,119.488398513,48.2288025056,71.25959600770001,167.717201019,72.8008545214,28.9556008549,43.8452536665,101.756455376,202.633420185,57.4203473573,145.21307282799998,260.053767542,83.92171887249998,61.678004691400005,22.243714181,145.599723564,52.8196175793,38.0049976189,14.8146199604,90.8246151983,147.727970709,88.3828150552,59.3451556541,236.110785764,4.55408800999,2.98125714819,167.355336437,24.912341972600004,202.696718983,57.4435512383,4.43934552613,2.7928253916,180.371133547,41.9836900094,147.760846273,88.409165572,0.9728855800620002,0.5088717182600001,0.7997491663770001,0.619036539969,0.596117576641,0.8304971639759999,0.981446803123,0.5044327978059999,94.005009019,0.348108539504,0.326317238624
0.7352877909099998,0.0077067942674699,0.0,0.243713288117,0.0,0.0,0.0,0.0,0.0,0.00182763458665,0.0,0.0,0.0002291551789419,0.00134392143417,0.13405304085,70.97009680800001,39.6712886241,31.2988081839,110.641385432,35.77911309240001,22.6328985141,13.1462145783,58.4120116065,153.320385402,54.377084713,98.9433006893,207.697470115,57.9940334786,42.310225438,15.6838080407,100.304258917,28.5190016409,23.841871632600004,4.67713000829,52.3608732734,123.275831456,70.8102128707,52.465618585,194.086044326,4.59372987768,2.97067731243,202.134387631,27.3017518077,153.35406028,54.4152256289,4.53231027177,2.91621180886,205.641182161,30.6064984618,123.314376592,70.8272556941,0.994761540136,0.739159850118,0.8480311573269999,0.867052801724,0.572747110271,1.28379135874,1.02762233615,0.715523364028,194.554983,0.394251374837,0.353529518249
0.210086895995,0.00358800431419,0.12128781396,0.523073598562,0.167615016961,0.0527816900744,0.364297640119,0.0381698603724,0.0120661846169,0.00483026334158,0.000853210917085,0.00106008693505,0.0935886182722,0.0502057210030999,0.0618964349436,123.757559481,27.2233114307,96.5342480508,150.980870912,98.2423679359,24.2179910302,74.02437690569998,122.460358966,166.937419252,33.3640216839,133.573397568,200.301440936,78.06916756469998,64.492595518,13.5765720466,142.561763083,69.5993369171,62.2607642749,7.338572642180001,131.860101192,93.9567710374,72.6696859009,21.2870851365,166.626456938,4.55711402284,3.06069525384,106.088042737,23.6521003418,167.031442798,33.4060768684,4.17954416182,2.5109876588900004,82.3881943084,63.4328457145,94.84745114129998,73.0052977304,0.919120673649,0.228573790165,0.699096869504,0.3005118534479999,0.524589617067,0.400478562975,0.927656128823,0.226470660266,116.846235897,0.632249991866,0.626977426383
0.4307002104819999,0.0104958759072,0.2645461906349999,0.2455852014099999,0.021029491342,0.048826285268,0.0349509980921999,0.0,0.0,0.0114900389062,0.0103917593775,7.67057266766e-05,0.0,0.00496905438312,0.141253561963,100.06155954,36.9065566163,63.15500292340001,136.968116156,63.879432916000006,28.8174987335,35.0619341825,92.6969316496,202.459870754,43.2340778718,159.225792882,245.693948626,84.98464133519998,45.7820040883,39.2026372469,130.766645424,69.9359806209,30.5720148263,39.3639657946,100.507995447,156.157198661,76.9585414736,79.19865718709998,233.115740134,4.67246211661,3.04382145712,174.210692508,27.8702004624,202.595079471,43.255601228500005,4.7370426988,2.96276214696,170.473158482,40.1848632508,168.032178369,59.5277056241,0.969289988985,0.4443460836039999,0.8301274577859998,0.518836241883,0.746907046321,0.576644995657,0.968836483761,0.444554078734,70.7025150067,0.278303331609,0.258075059771
0.334652079876,0.00272747201349,0.0545147932802,0.265213545989,0.165955310906,0.00626655389902,0.0,0.0343242161194,0.00907730990744,0.0013813151626999,0.0042387242452399,0.0,0.137120377201,0.0374185687696,0.347649995652,136.601964773,46.272693181,90.3292715918,182.874657954,82.4071840994,26.5335059607,55.8736781387,108.94069006,196.65247056,63.5729199487,133.07955061200002,260.225390509,110.241465027,56.9448593974,53.29660563,167.186324425,76.4070734963,44.5456855355,31.8613879608,120.952759032,136.57977199299998,73.1002048936,63.479567098900006,209.679976886,4.4259734614,3.00609543949,143.657350567,25.7515002117,196.802628818,63.3127143419,4.24367875193,2.78573490371,106.671553561,39.2786621847,139.001135751,72.47716750819998,0.892697048768,0.374877547022,0.8112512786929998,0.4125134698279999,0.580850567971,0.5761414352149999,0.947222523798,0.353298270964,100.911343444,0.25645475299,0.40425719992
0.402008588996,0.013900802043,0.10624380532,0.493535851351,0.0452348984265,0.0120284993631,0.0,0.36232770836,0.00533760555837,0.263359658787,0.0,0.0,0.0,0.105872844828,0.108588511418,145.881556246,65.8887776414,79.992778605,211.770333888,145.477749994,68.638264206,76.83948578829998,214.1160142,193.219710731,67.76488703300001,125.454823698,260.984597764,82.2372281544,73.5074373659,8.72979078852,155.74466552,82.31895633329998,74.5212520374,7.79770429585,156.84020837100002,107.640331113,91.75837635600004,15.8819547569,199.398707469,3.920559689630001,2.35013209396,77.6219589125,39.4362816827,193.232122092,67.7668020487,3.66555825399,2.48365606562,51.0705084248,43.6012445331,107.681839611,91.738780501,0.949450637315,0.423411784875,0.7832429777349998,0.513261657524,0.555895073442,0.7231735055799999,0.945295193186,0.425273070141,203.79244474,0.318949030372,0.278004748627
0.6283442628620001,0.00378994368123,0.132249660493,0.18664448587,0.0,0.0,0.0,0.0,0.0,0.0022996074389,0.0,0.0,0.000295234224941,0.00150004898119,0.123703557139,67.7942875481,31.8226135182,35.9716740299,99.6169010663,60.1331252188,25.311763744,34.8213614748,85.4448889628,182.43908274,60.056161914300006,122.382920826,242.495244654,58.2738936373,38.7187138278,19.5551798095,96.9926074652,51.6150262049,31.6656128234,19.9494133816,83.2806390283,148.072394201,78.2653299637,69.80706423689999,226.337724164,4.409307349280001,2.48594261742,175.609581048,19.9113366228,182.480827207,60.0766362502,4.3239911622600005,2.46398182159,172.83993559,27.7719324172,148.103687059,78.2787732747,0.981055098699,0.640478056426,0.8074573302859998,0.7781764302509999,0.601700597367,1.04428060336,1.00141207696,0.627458243534,195.2248727,0.318242608618,0.408962045901
0.935164713662,0.00703938952148,0.0641600542059,0.0,0.0,0.0,0.0,0.0,0.0,0.000166951922737,0.0,0.0,0.0,0.000156127547022,0.212721525977,51.5703327988,19.9020511152,31.6682816837,71.47238391400002,28.1081776236,12.6692692271,15.4389083965,40.7774468507,165.646316961,42.4318548167,123.214462144,208.078171777,49.3090437647,21.285471438,28.0235723267,70.59451520270001,26.7391751567,13.4420034331,13.297171723699998,40.1811785898,159.47695435,47.5772101854,111.899744164,207.054164535,4.72834672801,3.02047307782,211.684898066,14.9539091615,165.64996891299998,42.4331693641,4.7178478986900005,3.00525268876,213.068870616,16.0807081688,159.480370788,47.578749973,0.993909740087,0.940895008817,0.938517629492,0.996427434365,0.560050442998,1.66978657968,1.02747365437,0.910159311324,296.40019271200003,0.15766486704,0.356359099373
0.524862672587,0.00684178402944,0.030079361535,0.333329875837,0.102085302185,0.0142081247571,0.020136795449,0.118823210587,0.00520826730408,0.00193642979574,0.0006562531803709,0.000203549829198,0.0693764543243,0.0241477272727,0.306598548071,100.0172959,38.3707376509,61.6465582488,138.388033551,57.42228201050001,22.9631511885,34.459130822,80.38543319899999,143.896836073,47.3020493057,96.59478676760004,191.198885379,100.187481632,45.8654878625,54.3219937696,146.052969495,63.361772017,36.2943578674,27.0674141496,99.6561298845,123.668832043,52.01672541470001,71.6521066288,175.685557458,4.424985372759999,2.9946714830400003,154.534437476,21.194481087,144.027842322,47.3158247462,4.19877162668,2.82259245456,127.369602885,40.6458011964,126.292442202,52.65437422189999,0.968707150634,0.5418176920059999,0.8689040537639999,0.604051356779,0.601121395316,0.873139230573,0.982676539367,0.534115399687,162.000031311,0.527495057124,0.422309793584
0.474366665994,0.0052977600229,0.1722167758659999,0.237065532032,0.0870324457172999,0.0,0.0,0.330383656848,0.00432604304652,0.0108855330867,0.000577852609061,8.50459342153e-06,0.44066865334,0.108652527429,0.0944842001026999,124.670425581,51.9473249043,72.723100677,176.617750485,110.736328879,47.595326621400005,63.1410022579,158.331655501,157.412656729,55.9847354755,101.427921253,213.39739220400003,131.188623506,58.2093475854,72.97927592069999,189.397971091,122.132524736,58.426974985,63.70554975050001,180.55949972,158.58136082,56.44613857069999,102.135222249,215.027499391,4.60243986023,2.98722269189,80.1522746582,29.068066591,157.62556963,56.2219554548,4.42897700269,2.69324285716,66.3716998922,33.8518474332,159.22039699299998,56.6988095507,0.8538955498880001,0.555532425549,0.7244734000689999,0.654774441614,0.559291537848,0.848156344041,0.87047343801,0.544952488245,104.822442098,0.413912545844,0.3807771297519999
0.911396962782,0.0106417400424,0.0,0.00631210286818,0.0,0.0,0.0,0.0,0.0,0.0014443426606199,0.0,0.0,0.0,0.00154290752351,0.182180175773,83.5011513931,32.4469538744,51.0541975187,115.948105267,42.3506814367,21.0737407186,21.2769407181,63.4244221553,205.277395099,39.2066726402,166.070722459,244.484067739,81.991951778,32.219170771900004,49.7727810061,114.21112255,41.9195973746,20.7571875052,21.1624098694,62.6767848798,197.36314349,46.513264434300005,150.849879056,243.876407925,4.68614173126,3.07014987461,202.707905337,20.7622567919,205.281819402,39.2095633246,4.67509672297,3.06500309806,199.897081333,22.7192565136,197.370763127,46.5135295511,0.993086022278,0.917742211991,0.937331279318,0.972331749608,0.640881634728,1.4220987361700002,1.02773158753,0.8868044670849999,263.97398297,0.541345135081,0.381566856677
0.373515797875,0.0140575058392999,0.324725801371,0.28672217148,0.222585803522,0.243622940361,0.7943980624309998,0.4058402125110001,0.00199014561589,0.0945077355498,0.1487464900349999,0.00455344079155,0.00018230405444,0.0368277331504999,0.38024240788,158.230159314,50.1625410392,108.067618275,208.392700353,142.827558302,49.55492601,93.272632292,192.382484312,182.406818869,55.5970361853,126.809782684,238.003855054,118.526933533,58.87397869270001,59.6529548398,177.400912225,108.02165887,54.441012242,53.580646628500006,162.462671112,136.256275715,67.23133781029999,69.0249379048,203.487613525,4.48701427146,2.92229039645,59.6842655942,22.5389275905,182.6353924,55.6043275221,4.45477754411,2.85946982107,51.5931775323,22.4855578837,136.39816504200002,67.23627076529999,0.90581955404,0.4123512196320001,0.63893577959,0.584590517241,0.550402140274,0.6786234473739999,0.920491712339,0.405778556034,230.161576041,0.591670745259,0.5552804104
0.3385781779819999,0.0,0.480418935666,0.0,0.166994519847,0.0,0.0,0.0442132644468,0.0,0.00199515787261,0.0,0.0,0.0,0.000675516917293,0.0,90.3656597087,39.9137013411,50.4519583677,130.27936105,39.4918967976,26.428733372,13.0631634256,65.9206301696,133.309520723,47.0264258896,86.28309483299999,180.335946612,76.8567169878,45.3212162649,31.5355007228,122.177933253,37.8648672462,32.637485392100004,5.227381854140001,70.5023526383,110.828301222,62.31282787399999,48.5154733478,173.141129096,4.38198671329,3.0386511041000004,187.925536972,33.3893569785,133.494403388,47.2483921774,4.300888290980001,2.91099226134,177.39016976,48.562012319,111.432565789,61.7136933831,0.904504496188,0.374324483083,0.7081460657240001,0.47811912594,0.432553589706,0.7827427307019998,0.97146671756,0.348522673872,227.57124311400003,1.0,0.185450347098
0.274887763442,0.0080118462451599,0.0457492249446999,0.447912969067,0.109606964357,0.0146916661248,0.0825784990222999,0.0588075530875,0.0186564263907,0.00559535070418,0.0275111820368,0.0,0.0831775303155,0.0395186373433,0.210558856828,114.592385206,44.93148666760001,69.6608985383,159.523871874,70.9341065893,27.6671335209,43.2669730684,98.6012401102,157.565021276,69.47282837739999,88.09219289819998,227.037849653,118.546128037,55.065921876,63.4802061608,173.612049913,81.52004555249998,45.4008328136,36.1192127389,126.920878366,126.274726318,64.7965404822,61.4781858354,191.0712668,4.362629310330002,2.99540779907,132.124209801,27.3740703093,157.747469697,69.3374975343,3.92757115876,2.64446723771,96.0946224775,33.9241994203,133.601694137,63.807559804300006,0.965721354415,0.284645008817,0.814145516038,0.337639596395,0.567703314898,0.48421024896,0.983265119631,0.279566271552,163.04463801,0.55125829971,0.4948021596249999
0.476680475041,0.0083596006976499,0.0848012203999999,0.277511942767,0.00448658107444,0.00941213519193,0.0,0.0,0.0,0.00365663416636,0.0010986138795899,0.0,0.0879858487565999,0.0261743240595999,0.044878748997,102.179073002,31.2989464496,70.8801265526,133.478019452,59.81119038,20.2666825518,39.5445078283,80.0778729318,173.286380914,55.3503357491,117.936045165,228.636716663,128.164227812,62.3003085295,65.863919282,190.464536341,81.4028029487,47.3249778819,34.0778250667,128.727780831,136.629898119,66.21422506430001,70.4156730549,202.844123183,4.52548454501,3.02802161343,162.66592312,23.9638928221,173.470588235,55.1982143726,4.456453149140001,2.5804148225,143.63116550700002,44.3308243679,168.057145744,63.5686810165,0.953927484699,0.499703051528,0.864544616561,0.55136596297,0.651623954885,0.7315269358449998,0.9945043287380002,0.479314630682,109.09394827,0.292156036121,0.267041601892
0.5724829310149999,0.004413505459,0.380682982686,0.0633857792235,0.00283972057671,0.00496035850654,0.0,0.0,0.0,0.0032459027882499,0.0,8.763836431049997e-05,0.0847607220111999,0.0073839145768,0.3058350064739999,132.24043608,41.4630491671,90.7773869124,173.703485247,46.0469431208,19.1563082523,26.890634868400003,65.2032513731,184.869058736,65.575521706,119.29353703,250.444580442,125.095317398,54.477248324,70.6180690742,179.572565722,49.7397476244,31.0651811445,18.6745664799,80.8049287689,135.100469607,81.50871694049998,53.5917526667,216.609186548,4.2546441707,2.92210054108,189.343911589,22.8583939619,188.884331126,62.0012450913,4.0185662435400005,2.47569602142,172.617508939,29.838526682,157.910695043,73.6836718646,0.983015750508,0.582374118339,0.792350354911,0.7225123677509999,0.8013484146589998,0.7143995302699999,0.995787899176,0.574904486677,71.921790718,0.294906725243,0.412953082649
0.518957773891,0.00329432125515,0.1536759423599999,0.00936543186044,0.1722711473889999,0.0,0.0,0.0052620979271,0.0,0.0046660976343199,0.0185854639806,0.0,0.0,0.00242150764107,0.153505046559,93.1322834274,33.4940601952,59.63822323220001,126.626343623,62.1766352717,23.064461227,39.1121740446,85.2410964987,203.98541841,40.4139784108,163.571439999,244.399396821,72.8406825529,38.8879563113,33.9527262416,111.728638864,50.1387728987,26.2923952717,23.846377627,76.4311681704,150.744991673,68.9603290889,81.78466258429998,219.705320762,4.71978060986,3.05723368148,178.27583605400002,19.7420639407,204.079432532,40.4506621785,4.66144708003,2.9804909148400003,169.795849456,25.7925039447,150.828804614,68.98523849829999,0.967522989928,0.536377718456,0.828360537652,0.6264878036829999,0.508613067711,1.02033904915,0.996143254307,0.520967011168,179.271447831,0.2600279928699999,0.320427446779
0.7756811026719997,0.042066043453,0.219174407616,0.0151861021152,0.0,0.0,0.0,0.0,0.0,0.0089746311706299,0.0,0.0,0.0,0.00696145180251,0.335993525426,135.57004251700002,46.5709872861,88.99905523079998,182.141029803,77.7656362159,30.1212470514,47.6443891645,107.886883267,168.88518454200002,47.1120195829,121.77316496,215.997204125,122.545791291,49.164616448,73.3811748432,171.710407739,72.0281856142,29.6266623944,42.4015232199,101.654848009,152.01289123700002,53.4374306447,98.5754605925,205.450321882,4.28030677257,2.9850585746900005,138.515149125,21.3027430331,169.337528496,47.499932542,4.284910116130001,2.97599734936,132.876200039,23.102967397,152.437013249,53.74384966220001,0.949319189663,0.8170919866769999,0.8942139438529999,0.867444651254,0.558001034204,1.39010692656,0.964143948625,0.804528311129,154.14224014200002,0.5195255758,0.461914891839
0.17864656565,0.0,0.103325606791,0.380144441691,0.065492462659,0.0113796507749,0.0,0.029348619954,0.0170905742675,0.0386010861129,0.0,0.176771187053,0.128003324049,0.0756851244121999,0.0,166.678994411,41.9125224496,124.766471962,208.591516861,150.465623024,39.5538876109,110.911735413,190.019510635,173.500640883,42.1589058172,131.341735066,215.6595467,108.64171177,66.00367135409999,42.6380404161,174.645383124,105.403733591,62.74729711689999,42.6564364744,168.15103070799998,113.730679981,66.221460728,47.50921925340001,179.95214070900002,4.221423860930001,2.7933376503900003,39.8135457078,19.4466306949,175.519662297,42.1912795858,4.00799610091,2.43640132936,31.1013971885,21.6042704204,116.183152919,67.4219977441,0.950562338926,0.187937769397,0.8054654596139998,0.221792956505,0.5475188629300001,0.326283855672,0.971433821897,0.183899882445,195.060336914,1.0,0.265774393213
0.627448855473,0.00593533186198,0.394954949309,0.0528224931234,0.00527178078324,0.00840192907718,0.0,0.0,0.0,0.00228825211041,0.0,1.55021450257e-05,0.0,0.0014418838166099,0.412636153105,106.38300309,21.4670623498,84.9159407399,127.850065439,48.4011949201,13.5295022975,34.8716926226,61.9306972176,222.388017661,39.5734957387,182.814521922,261.961513399,91.1909041928,28.0380931102,63.1528110826,119.228997303,44.3409978693,13.364395899000002,30.976601970300003,57.7053937684,169.34257751299998,78.89650949109999,90.4460680216,248.23908700400003,4.60315635752,3.08520324209,198.373753667,14.7975618393,222.391346088,39.5739782576,4.42375339887,2.8763581907700004,173.194415532,39.5870213863,170.505421606,77.27262996649999,0.996397359922,0.62971750098,0.8642264013039997,0.726023706897,0.6583524285629999,0.953059225197,1.0260052228,0.611545479036,140.27629176899998,0.449318543355,0.5572326195530001
0.52238170322,0.0172284137009,0.152831136863,0.252047509835,0.0,0.0,0.0,0.0,0.0,0.00144749928039,0.0138598545029,2.86714858852e-05,0.0618766334941,0.0163566565439,0.2242401030959999,122.708536714,34.6194402429,88.0890964709,157.327976957,77.8967178191,19.8176072346,58.0791105845,97.7143250536,168.043461975,48.4309259,119.612536075,216.474387875,120.21974493,41.635077560700005,78.5846673697,161.854822491,80.9033601097,31.3099956642,49.5933644455,112.213355774,147.62123151,50.1227668816,97.498464628,197.743998391,4.38032033781,2.98744993866,130.976413714,28.224680445,168.295285084,48.134396156,4.2416996585,2.8810072964099995,112.629607293,33.0063511183,150.303064998,50.941439232700006,0.924582611683,0.564991918103,0.8733436256799999,0.598139939263,0.584851080497,0.893187549173,0.970174361924,0.538441051136,126.589801183,0.1921938286499999,0.301538486977
0.546982014299,0.00238654851635,0.1279557747859999,0.162019684196,0.150849307444,0.0,0.0,0.0445928494869,0.00986225417258,0.0145235798321,0.0,0.0,0.154256891348,0.0329367897727,0.218397833779,116.293607607,68.991650488,47.301957119,185.285258095,72.0764047957,43.8673370266,28.2090677691,115.943741822,152.976591394,88.8912469012,64.0853444929,241.867838295,110.443585913,63.1003443675,47.3432415455,173.54393028099997,73.379123604,46.35494140229999,27.0241822017,119.734065006,138.61253122600002,78.8289928451,59.7835383804,217.441524071,4.29892755998,2.91535519443,125.90358336,33.3291615765,153.48890465600002,88.2764239272,4.266732012109999,2.91049440828,113.986025054,34.4307678153,139.12430201799998,78.3226148978,0.951177863051,0.5750575529,0.767979148884,0.712235501567,0.607099144838,0.900976420325,0.968223285391,0.564933752939,122.758926658,0.36093226676,0.403943916643
0.0738766259834999,0.00291926699167,0.0254728605784,0.635002739585,0.00739138180743,0.0021939567630799,0.0,0.277956659849,0.0012103830073299,0.00298356019333,0.0,0.0,0.151158238153,0.0962082435345,0.122833953175,85.7169897095,22.8480048133,62.8689848962,108.564994523,61.3633921561,20.4856053805,40.8777867756,81.8489975365,98.5613505807,21.8187522169,76.7425983638,120.380102798,80.4581118975,67.0156577324,13.4424541651,147.47376963,77.2017596493,67.3033992713,9.89836037796,144.505158921,84.0081829203,66.4022217137,17.6059612066,150.410404634,4.255411158809999,2.98867549829,101.579369343,27.0242130071,99.4693970327,22.8106466781,3.93997826303,2.29904895831,40.5202843358,52.5227004283,86.26002277629999,67.6490075268,0.986963442692,0.0748524441613999,0.855298356805,0.0863752693966,0.322100615996,0.22935884725,0.959341806291,0.0770076165752,575.3693277790001,0.832167065899,0.8169776690360001
0.2801711412429999,0.00285550740672,0.0292885433954,0.120704613644,0.0054408739397,0.0194198228824,0.0753270886587,0.0,0.0,0.00974770470214,0.011179032692,0.00382021071823,0.3483469768259999,0.044230015674,0.235481281752,132.773037971,27.3504695404,105.42256843,160.123507511,106.770268944,26.8608864527,79.9093824917,133.631155397,163.20102693799998,29.0833888518,134.117638086,192.28441579,72.4329937304,66.907619546,5.52537418441,139.340613276,62.0639418838,60.195710311400006,1.86823157246,122.259652195,85.5193781838,74.89696593259998,10.6224122512,160.416344116,4.4477129747,3.00346105565,90.1561447307,20.394504038900003,163.75514831700002,29.242645580500003,3.92750237422,2.44480559858,66.9555709982,58.9617364005,86.6593082631,75.4697307686,0.955618505938,0.293183042712,0.8336787363019998,0.336066075627,0.542103739802,0.516822004115,0.960986867367,0.29154523413,189.903665329,0.590847588845,0.5037277763520001
