Column1,Column2,Column3,Column4,Column5
800,4.0,0.2286,71.3,0.00400603
3150,0.0,0.1016,71.3,0.00121072
500,15.6,0.1016,71.3,0.0437259
12500,0.0,0.0508,31.7,0.000812164
3150,9.9,0.1524,55.5,0.0208438
6300,0.0,0.2286,55.5,0.00229336
630,7.2,0.1524,39.6,0.00909175
1000,8.9,0.1016,39.6,0.0124596
10000,12.7,0.0254,71.3,0.0121808
4000,15.6,0.1016,39.6,0.0528487
250,7.3,0.2286,31.7,0.0132672
3150,8.9,0.1016,71.3,0.0103088
630,9.9,0.1524,39.6,0.0233328
4000,4.0,0.3048,39.6,0.00579636
2000,9.9,0.1524,31.7,0.0252785
315,17.4,0.0254,39.6,0.0172206
1250,5.4,0.1524,31.7,0.00525474
2000,4.8,0.0254,31.7,0.000930789
1600,19.7,0.0508,71.3,0.0341183
5000,0.0,0.2286,31.7,0.0027238
6300,0.0,0.3048,39.6,0.00310138
3150,4.2,0.0508,71.3,0.00142788
1250,6.7,0.1016,31.7,0.00592927
2500,15.4,0.0508,39.6,0.0282593
8000,3.0,0.3048,39.6,0.00495741
3150,5.4,0.1524,39.6,0.00485029
1000,9.5,0.0254,55.5,0.0043284
400,9.9,0.1524,39.6,0.0233328
1000,3.3,0.1016,31.7,0.00251435
1250,15.4,0.0508,31.7,0.0289853
630,3.3,0.1016,39.6,0.00245138
1000,0.0,0.2286,55.5,0.00229336
315,2.0,0.2286,39.6,0.00346574
3150,0.0,0.3048,31.7,0.00331266
2500,0.0,0.0508,31.7,0.000812164
8000,0.0,0.1524,39.6,0.00193287
6300,5.4,0.1524,71.3,0.00401199
6300,5.4,0.1524,55.5,0.00433288
8000,7.2,0.1524,39.6,0.00909175
1600,8.4,0.0508,31.7,0.00580776
800,0.0,0.1524,31.7,0.00209405
1250,3.3,0.1016,39.6,0.00245138
1600,17.4,0.0254,39.6,0.0172206
1000,0.0,0.1016,55.5,0.00131983
20000,0.0,0.2286,71.3,0.00214345
250,11.2,0.0508,71.3,0.014072
3150,15.4,0.0508,71.3,0.0264269
4000,12.3,0.1016,31.7,0.0418756
315,9.9,0.1524,31.7,0.0252785
1000,2.0,0.2286,55.5,0.00313525
2000,12.3,0.1016,55.5,0.0368233
630,0.0,0.3048,39.6,0.00310138
2500,8.9,0.1016,71.3,0.0103088
3150,12.3,0.1016,71.3,0.0337792
630,5.4,0.1524,39.6,0.00485029
800,19.7,0.0508,71.3,0.0341183
6300,22.2,0.0254,71.3,0.0214178
630,4.8,0.0254,39.6,0.000907475
315,15.4,0.0508,31.7,0.0289853
630,7.3,0.2286,71.3,0.0104404
500,9.9,0.1524,55.5,0.0208438
5000,3.3,0.1016,39.6,0.00245138
250,8.9,0.1016,39.6,0.0124596
630,9.5,0.0254,71.3,0.00420654
3150,8.4,0.0508,31.7,0.00580776
2000,1.5,0.3048,39.6,0.00392107
1250,5.4,0.1524,71.3,0.00401199
5000,5.4,0.1524,39.6,0.00485029
8000,0.0,0.3048,71.3,0.00266337
3150,4.0,0.3048,39.6,0.00579636
500,9.9,0.1524,31.7,0.0252785
8000,4.2,0.0508,71.3,0.00142788
2500,4.0,0.2286,39.6,0.00473801
800,17.4,0.0254,55.5,0.0165706
2000,0.0,0.3048,39.6,0.00310138
16000,1.5,0.3048,71.3,0.00336729
500,4.8,0.0254,31.7,0.000930789
3150,0.0,0.2286,55.5,0.00229336
4000,9.5,0.0254,55.5,0.0043284
4000,12.3,0.1016,39.6,0.0408268
1000,12.7,0.0254,39.6,0.0130253
4000,2.7,0.1524,39.6,0.00294804
1600,2.0,0.2286,55.5,0.00313525
500,19.7,0.0508,71.3,0.0341183
3150,5.4,0.1524,71.3,0.00401199
2000,9.9,0.1524,55.5,0.0208438
1600,8.4,0.0508,39.6,0.00566229
1600,9.9,0.1524,71.3,0.0193001
1000,7.2,0.1524,39.6,0.00909175
1000,0.0,0.3048,71.3,0.00266337
5000,2.7,0.1524,71.3,0.00243851
630,17.4,0.0254,39.6,0.0172206
630,9.9,0.1524,55.5,0.0208438
6300,12.6,0.1524,39.6,0.0584113
2500,0.0,0.0254,31.7,0.000439472
2500,12.7,0.0254,39.6,0.0130253
500,4.0,0.2286,31.7,0.00509068
3150,9.5,0.0254,31.7,0.00461377
4000,15.4,0.0508,39.6,0.0282593
3150,12.7,0.0254,71.3,0.0121808
5000,22.2,0.0254,39.6,0.0229028
800,0.0,0.1524,71.3,0.0015988
2500,1.5,0.3048,71.3,0.00336729
1250,7.2,0.1524,71.3,0.00752039
3150,4.8,0.0254,31.7,0.000930789
8000,0.0,0.1016,55.5,0.00131983
800,0.0,0.3048,55.5,0.00283081
6300,0.0,0.0254,71.3,0.000400682
1250,6.7,0.1016,71.3,0.00478288
4000,7.3,0.2286,31.7,0.0132672
6300,4.8,0.0254,55.5,0.000873218
6300,0.0,0.1524,55.5,0.00172668
200,9.9,0.1524,39.6,0.0233328
315,9.5,0.0254,31.7,0.00461377
6300,0.0,0.1016,39.6,0.00146332
6300,3.0,0.3048,71.3,0.00425727
2000,2.0,0.2286,71.3,0.00293031
800,17.4,0.0254,39.6,0.0172206
3150,0.0,0.0254,31.7,0.000439472
1600,0.0,0.1016,55.5,0.00131983
1000,22.2,0.0254,39.6,0.0229028
630,2.0,0.2286,71.3,0.00293031
250,17.4,0.0254,71.3,0.016104
1600,3.0,0.3048,39.6,0.00495741
2500,6.7,0.1016,55.5,0.0052139
6300,1.5,0.3048,71.3,0.00336729
2500,12.6,0.1524,71.3,0.0483159
315,12.3,0.1016,31.7,0.0418756
10000,4.8,0.0254,55.5,0.000873218
630,4.0,0.2286,31.7,0.00509068
5000,0.0,0.0508,39.6,0.000791822
800,15.6,0.1016,39.6,0.0528487
500,12.3,0.1016,55.5,0.0368233
2000,6.7,0.1016,31.7,0.00592927
630,12.3,0.1016,71.3,0.0337792
3150,15.6,0.1016,71.3,0.0437259
2500,3.0,0.3048,71.3,0.00425727
20000,4.8,0.0254,71.3,0.000848633
3150,4.0,0.2286,55.5,0.0042862
5000,7.2,0.1524,39.6,0.00909175
10000,2.7,0.1524,39.6,0.00294804
8000,22.2,0.0254,71.3,0.0214178
4000,0.0,0.1524,71.3,0.0015988
1600,6.7,0.1016,31.7,0.00592927
2500,5.3,0.2286,39.6,0.00614329
3150,0.0,0.1524,31.7,0.00209405
1600,7.3,0.2286,39.6,0.0123481
800,1.5,0.3048,71.3,0.00336729
400,7.2,0.1524,71.3,0.00752039
200,12.3,0.1016,71.3,0.0337792
200,17.4,0.0254,71.3,0.016104
2500,22.2,0.0254,71.3,0.0214178
1600,15.4,0.0508,55.5,0.0271925
3150,9.5,0.0254,39.6,0.00449821
4000,5.4,0.1524,31.7,0.00525474
315,9.9,0.1524,71.3,0.0193001
1250,4.0,0.2286,55.5,0.0042862
5000,15.4,0.0508,55.5,0.0271925
6300,0.0,0.0508,31.7,0.000812164
400,11.2,0.0508,71.3,0.014072
400,7.2,0.1524,39.6,0.00909175
500,4.0,0.3048,71.3,0.00497773
1250,0.0,0.0254,31.7,0.000439472
1250,11.2,0.0508,39.6,0.0150478
2000,17.4,0.0254,71.3,0.016104
1000,4.8,0.0254,31.7,0.000930789
800,5.3,0.2286,39.6,0.00614329
315,15.4,0.0508,39.6,0.0282593
800,22.2,0.0254,71.3,0.0214178
2000,17.4,0.0254,31.7,0.0176631
10000,3.3,0.1016,39.6,0.00245138
4000,7.3,0.2286,71.3,0.0104404
3150,4.2,0.0508,39.6,0.00152689
8000,3.0,0.3048,55.5,0.00452492
400,17.4,0.0254,71.3,0.016104
1600,19.7,0.0508,39.6,0.036484
2000,3.3,0.1016,55.5,0.002211
5000,2.0,0.2286,71.3,0.00293031
3150,5.3,0.2286,39.6,0.00614329
4000,0.0,0.2286,31.7,0.0027238
250,12.3,0.1016,31.7,0.0418756
2500,11.2,0.0508,39.6,0.0150478
4000,9.9,0.1524,55.5,0.0208438
5000,4.2,0.0508,39.6,0.00152689
5000,15.4,0.0508,31.7,0.0289853
1000,12.3,0.1016,55.5,0.0368233
400,0.0,0.2286,31.7,0.0027238
8000,2.7,0.1524,39.6,0.00294804
2000,3.0,0.3048,71.3,0.00425727
250,4.0,0.2286,31.7,0.00509068
800,3.0,0.3048,71.3,0.00425727
400,7.3,0.2286,39.6,0.0123481
3150,0.0,0.0254,71.3,0.000400682
500,15.4,0.0508,55.5,0.0271925
800,6.7,0.1016,31.7,0.00592927
800,3.3,0.1016,39.6,0.00245138
12500,0.0,0.1016,71.3,0.00121072
5000,22.2,0.0254,71.3,0.0214178
315,17.4,0.0254,71.3,0.016104
2000,6.7,0.1016,71.3,0.00478288
5000,0.0,0.0508,71.3,0.000740478
500,15.4,0.0508,71.3,0.0264269
5000,3.0,0.3048,31.7,0.00529514
2000,0.0,0.1524,71.3,0.0015988
250,5.3,0.2286,39.6,0.00614329
12500,2.7,0.1524,39.6,0.00294804
250,9.9,0.1524,71.3,0.0193001
6300,12.3,0.1016,31.7,0.0418756
1250,0.0,0.3048,71.3,0.00266337
1250,7.3,0.2286,55.5,0.0111706
4000,15.4,0.0508,55.5,0.0271925
3150,0.0,0.2286,31.7,0.0027238
6300,7.3,0.2286,71.3,0.0104404
1600,6.7,0.1016,71.3,0.00478288
1250,5.4,0.1524,39.6,0.00485029
3150,15.4,0.0508,55.5,0.0271925
2000,0.0,0.0508,31.7,0.000812164
5000,12.3,0.1016,71.3,0.0337792
8000,0.0,0.1016,39.6,0.00146332
6300,4.0,0.2286,71.3,0.00400603
400,3.0,0.3048,31.7,0.00529514
6300,17.4,0.0254,55.5,0.0165706
5000,0.0,0.1016,39.6,0.00146332
200,12.3,0.1016,39.6,0.0408268
315,12.3,0.1016,39.6,0.0408268
2500,19.7,0.0508,39.6,0.036484
8000,4.8,0.0254,39.6,0.000907475
5000,12.6,0.1524,71.3,0.0483159
3150,0.0,0.1016,39.6,0.00146332
630,2.0,0.2286,55.5,0.00313525
5000,0.0,0.1524,39.6,0.00193287
315,1.5,0.3048,39.6,0.00392107
1250,0.0,0.1524,71.3,0.0015988
1000,11.2,0.0508,39.6,0.0150478
800,4.0,0.2286,31.7,0.00509068
1000,3.3,0.1016,55.5,0.002211
800,0.0,0.2286,39.6,0.00253511
1000,8.4,0.0508,71.3,0.00529514
2000,15.6,0.1016,71.3,0.0437259
3150,9.9,0.1524,71.3,0.0193001
2500,4.8,0.0254,71.3,0.000848633
1600,9.5,0.0254,55.5,0.0043284
630,12.3,0.1016,39.6,0.0408268
500,12.6,0.1524,39.6,0.0584113
3150,0.0,0.1524,39.6,0.00193287
800,2.0,0.2286,71.3,0.00293031
6300,0.0,0.0508,39.6,0.000791822
2500,8.4,0.0508,31.7,0.00580776
2000,22.2,0.0254,39.6,0.0229028
12500,0.0,0.0254,55.5,0.00041229
4000,8.4,0.0508,31.7,0.00580776
3150,7.3,0.2286,71.3,0.0104404
1600,2.0,0.2286,39.6,0.00346574
630,8.9,0.1016,71.3,0.0103088
2000,15.4,0.0508,39.6,0.0282593
250,12.3,0.1016,71.3,0.0337792
1250,4.0,0.2286,39.6,0.00473801
2000,0.0,0.3048,55.5,0.00283081
1250,2.7,0.1524,39.6,0.00294804
1600,0.0,0.3048,39.6,0.00310138
2500,5.4,0.1524,71.3,0.00401199
2500,3.3,0.1016,39.6,0.00245138
5000,9.9,0.1524,31.7,0.0252785
5000,4.0,0.2286,55.5,0.0042862
2500,5.4,0.1524,39.6,0.00485029
2000,0.0,0.0508,55.5,0.00076193
1250,4.8,0.0254,39.6,0.000907475
5000,5.4,0.1524,55.5,0.00433288
5000,4.0,0.2286,39.6,0.00473801
1600,0.0,0.1524,71.3,0.0015988
2000,6.7,0.1016,55.5,0.0052139
1000,3.0,0.3048,39.6,0.00495741
630,5.4,0.1524,31.7,0.00525474
6300,12.3,0.1016,55.5,0.0368233
8000,0.0,0.0254,39.6,0.000428464
2500,7.3,0.2286,71.3,0.0104404
500,8.4,0.0508,39.6,0.00566229
250,8.9,0.1016,71.3,0.0103088
6300,4.8,0.0254,31.7,0.000930789
8000,4.8,0.0254,31.7,0.000930789
10000,0.0,0.3048,31.7,0.00331266
6300,12.3,0.1016,39.6,0.0408268
630,12.3,0.1016,31.7,0.0418756
800,6.7,0.1016,55.5,0.0052139
400,8.4,0.0508,31.7,0.00580776
1000,6.7,0.1016,39.6,0.00578076
500,8.4,0.0508,31.7,0.00580776
3150,5.4,0.1524,31.7,0.00525474
1000,8.4,0.0508,55.5,0.00544854
250,19.7,0.0508,71.3,0.0341183
3150,8.4,0.0508,39.6,0.00566229
315,11.2,0.0508,39.6,0.0150478
250,11.2,0.0508,39.6,0.0150478
3150,4.0,0.2286,31.7,0.00509068
5000,12.3,0.1016,31.7,0.0418756
3150,0.0,0.1524,71.3,0.0015988
2000,3.3,0.1016,71.3,0.00202822
4000,4.0,0.2286,31.7,0.00509068
800,0.0,0.1016,55.5,0.00131983
4000,3.3,0.1016,39.6,0.00245138
2500,0.0,0.1016,71.3,0.00121072
5000,0.0,0.0254,31.7,0.000439472
250,12.3,0.1016,39.6,0.0408268
2500,2.0,0.2286,55.5,0.00313525
630,4.0,0.2286,71.3,0.00400603
800,3.3,0.1016,31.7,0.00251435
1250,2.0,0.2286,71.3,0.00293031
8000,7.2,0.1524,71.3,0.00752039
200,17.4,0.0254,31.7,0.0176631
2500,0.0,0.2286,71.3,0.00214345
1250,6.7,0.1016,39.6,0.00578076
5000,7.3,0.2286,71.3,0.0104404
1000,7.3,0.2286,71.3,0.0104404
315,4.0,0.2286,39.6,0.00473801
5000,0.0,0.0508,31.7,0.000812164
2000,7.2,0.1524,71.3,0.00752039
4000,12.3,0.1016,71.3,0.0337792
630,22.2,0.0254,39.6,0.0229028
2000,0.0,0.2286,71.3,0.00214345
4000,19.7,0.0508,71.3,0.0341183
3150,0.0,0.1016,55.5,0.00131983
12500,4.0,0.3048,71.3,0.00497773
4000,4.0,0.2286,55.5,0.0042862
2000,7.3,0.2286,55.5,0.0111706
250,9.5,0.0254,31.7,0.00461377
2000,2.0,0.2286,39.6,0.00346574
3150,12.6,0.1524,39.6,0.0584113
2500,11.2,0.0508,71.3,0.014072
2500,22.2,0.0254,39.6,0.0229028
630,9.9,0.1524,31.7,0.0252785
1600,11.2,0.0508,39.6,0.0150478
500,5.4,0.1524,39.6,0.00485029
500,5.4,0.1524,71.3,0.00401199
10000,4.0,0.2286,71.3,0.00400603
630,0.0,0.2286,55.5,0.00229336
400,12.3,0.1016,71.3,0.0337792
1600,4.0,0.2286,39.6,0.00473801
3150,4.0,0.3048,71.3,0.00497773
5000,17.4,0.0254,55.5,0.0165706
4000,19.7,0.0508,39.6,0.036484
1250,0.0,0.1016,71.3,0.00121072
1000,0.0,0.1524,31.7,0.00209405
8000,0.0,0.2286,71.3,0.00214345
200,12.3,0.1016,55.5,0.0368233
1600,2.7,0.1524,71.3,0.00243851
200,7.3,0.2286,55.5,0.0111706
6300,15.4,0.0508,71.3,0.0264269
630,17.4,0.0254,31.7,0.0176631
800,11.2,0.0508,71.3,0.014072
6300,5.4,0.1524,31.7,0.00525474
2500,3.3,0.1016,71.3,0.00202822
2500,9.9,0.1524,31.7,0.0252785
500,7.3,0.2286,31.7,0.0132672
4000,3.0,0.3048,55.5,0.00452492
1250,3.0,0.3048,31.7,0.00529514
1000,9.5,0.0254,71.3,0.00420654
12500,0.0,0.3048,39.6,0.00310138
1000,8.4,0.0508,31.7,0.00580776
1250,0.0,0.2286,71.3,0.00214345
2500,7.2,0.1524,71.3,0.00752039
2500,0.0,0.2286,55.5,0.00229336
400,15.4,0.0508,39.6,0.0282593
315,0.0,0.3048,31.7,0.00331266
200,12.6,0.1524,39.6,0.0584113
1250,4.2,0.0508,39.6,0.00152689
6300,4.8,0.0254,39.6,0.000907475
2000,9.5,0.0254,55.5,0.0043284
5000,8.9,0.1016,71.3,0.0103088
2500,4.0,0.2286,71.3,0.00400603
1600,3.0,0.3048,55.5,0.00452492
630,2.0,0.2286,31.7,0.00372371
630,4.8,0.0254,31.7,0.000930789
1000,15.6,0.1016,39.6,0.0528487
6300,9.9,0.1524,55.5,0.0208438
1600,0.0,0.1016,71.3,0.00121072
5000,15.4,0.0508,39.6,0.0282593
4000,0.0,0.0508,71.3,0.000740478
2000,0.0,0.3048,31.7,0.00331266
315,7.2,0.1524,39.6,0.00909175
10000,1.5,0.3048,71.3,0.00336729
1250,3.0,0.3048,71.3,0.00425727
1000,5.3,0.2286,39.6,0.00614329
2500,2.0,0.2286,71.3,0.00293031
2000,4.0,0.2286,71.3,0.00400603
2500,0.0,0.2286,31.7,0.0027238
4000,12.6,0.1524,71.3,0.0483159
630,9.5,0.0254,31.7,0.00461377
4000,12.7,0.0254,71.3,0.0121808
1600,12.6,0.1524,39.6,0.0584113
6300,0.0,0.3048,71.3,0.00266337
4000,12.6,0.1524,39.6,0.0584113
3150,11.2,0.0508,71.3,0.014072
630,0.0,0.1016,31.7,0.00150092
2500,12.3,0.1016,31.7,0.0418756
1250,8.4,0.0508,39.6,0.00566229
1600,9.9,0.1524,31.7,0.0252785
4000,0.0,0.1524,55.5,0.00172668
1250,17.4,0.0254,39.6,0.0172206
200,8.9,0.1016,39.6,0.0124596
2500,7.3,0.2286,55.5,0.0111706
12500,2.7,0.1524,71.3,0.00243851
1600,3.3,0.1016,55.5,0.002211
2000,4.0,0.2286,39.6,0.00473801
3150,0.0,0.1524,55.5,0.00172668
3150,0.0,0.3048,71.3,0.00266337
8000,4.0,0.2286,39.6,0.00473801
3150,12.3,0.1016,55.5,0.0368233
200,0.0,0.3048,31.7,0.00331266
800,0.0,0.0508,31.7,0.000812164
3150,4.8,0.0254,55.5,0.000873218
200,12.3,0.1016,31.7,0.0418756
5000,0.0,0.1016,71.3,0.00121072
6300,3.0,0.3048,31.7,0.00529514
8000,17.4,0.0254,71.3,0.016104
3150,3.0,0.3048,39.6,0.00495741
3150,11.2,0.0508,39.6,0.0150478
1600,7.2,0.1524,71.3,0.00752039
3150,17.4,0.0254,39.6,0.0172206
2500,0.0,0.3048,55.5,0.00283081
12500,4.0,0.2286,71.3,0.00400603
4000,0.0,0.3048,31.7,0.00331266
315,0.0,0.2286,39.6,0.00253511
250,15.4,0.0508,55.5,0.0271925
1000,19.7,0.0508,39.6,0.036484
2000,0.0,0.0254,31.7,0.000439472
2000,5.3,0.2286,39.6,0.00614329
5000,0.0,0.2286,39.6,0.00253511
315,19.7,0.0508,39.6,0.036484
4000,3.3,0.1016,71.3,0.00202822
3150,3.3,0.1016,31.7,0.00251435
4000,0.0,0.0254,55.5,0.00041229
6300,2.0,0.2286,55.5,0.00313525
3150,7.3,0.2286,39.6,0.0123481
250,7.3,0.2286,71.3,0.0104404
3150,2.0,0.2286,39.6,0.00346574
200,15.6,0.1016,71.3,0.0437259
400,22.2,0.0254,71.3,0.0214178
1600,0.0,0.1524,55.5,0.00172668
1600,0.0,0.2286,39.6,0.00253511
10000,2.7,0.1524,71.3,0.00243851
16000,0.0,0.0254,71.3,0.000400682
16000,0.0,0.3048,71.3,0.00266337
800,9.9,0.1524,55.5,0.0208438
630,1.5,0.3048,39.6,0.00392107
1000,3.0,0.3048,55.5,0.00452492
2500,0.0,0.1524,55.5,0.00172668
12500,0.0,0.1524,71.3,0.0015988
630,4.0,0.2286,39.6,0.00473801
6300,5.3,0.2286,39.6,0.00614329
630,6.7,0.1016,71.3,0.00478288
630,2.7,0.1524,71.3,0.00243851
1600,12.3,0.1016,39.6,0.0408268
4000,0.0,0.1016,39.6,0.00146332
500,0.0,0.3048,31.7,0.00331266
4000,2.0,0.2286,55.5,0.00313525
12500,0.0,0.0254,39.6,0.000428464
500,8.4,0.0508,55.5,0.00544854
3150,9.5,0.0254,71.3,0.00420654
250,15.4,0.0508,39.6,0.0282593
5000,9.9,0.1524,71.3,0.0193001
800,5.3,0.2286,71.3,0.0051942
1000,9.5,0.0254,39.6,0.00449821
2500,1.5,0.3048,39.6,0.00392107
315,12.6,0.1524,71.3,0.0483159
1600,0.0,0.2286,31.7,0.0027238
630,0.0,0.1016,39.6,0.00146332
4000,8.9,0.1016,39.6,0.0124596
500,7.2,0.1524,39.6,0.00909175
4000,3.0,0.3048,31.7,0.00529514
10000,5.3,0.2286,71.3,0.0051942
400,3.0,0.3048,71.3,0.00425727
2500,0.0,0.3048,31.7,0.00331266
315,22.2,0.0254,71.3,0.0214178
3150,7.3,0.2286,55.5,0.0111706
1000,12.6,0.1524,71.3,0.0483159
315,15.4,0.0508,71.3,0.0264269
800,8.4,0.0508,39.6,0.00566229
4000,0.0,0.1524,31.7,0.00209405
2000,15.4,0.0508,55.5,0.0271925
1600,5.3,0.2286,71.3,0.0051942
1250,9.9,0.1524,55.5,0.0208438
1600,0.0,0.2286,55.5,0.00229336
315,7.3,0.2286,39.6,0.0123481
1250,7.2,0.1524,39.6,0.00909175
1250,0.0,0.3048,31.7,0.00331266
315,19.7,0.0508,71.3,0.0341183
1600,5.4,0.1524,39.6,0.00485029
1000,5.4,0.1524,71.3,0.00401199
800,0.0,0.2286,31.7,0.0027238
5000,4.8,0.0254,31.7,0.000930789
1000,17.4,0.0254,71.3,0.016104
630,2.7,0.1524,39.6,0.00294804
630,7.3,0.2286,55.5,0.0111706
315,7.3,0.2286,31.7,0.0132672
800,5.4,0.1524,55.5,0.00433288
1250,0.0,0.3048,55.5,0.00283081
1250,19.7,0.0508,71.3,0.0341183
1000,19.7,0.0508,71.3,0.0341183
1250,8.9,0.1016,39.6,0.0124596
4000,7.3,0.2286,39.6,0.0123481
6300,15.4,0.0508,31.7,0.0289853
1600,7.3,0.2286,71.3,0.0104404
2000,8.4,0.0508,55.5,0.00544854
4000,5.4,0.1524,55.5,0.00433288
3150,0.0,0.2286,39.6,0.00253511
5000,15.6,0.1016,39.6,0.0528487
500,4.0,0.3048,39.6,0.00579636
1000,12.3,0.1016,71.3,0.0337792
500,12.7,0.0254,39.6,0.0130253
1000,3.0,0.3048,71.3,0.00425727
1600,9.5,0.0254,39.6,0.00449821
5000,7.3,0.2286,39.6,0.0123481
4000,0.0,0.1524,39.6,0.00193287
630,0.0,0.1524,39.6,0.00193287
10000,0.0,0.1524,55.5,0.00172668
250,4.0,0.3048,71.3,0.00497773
12500,4.8,0.0254,71.3,0.000848633
630,9.5,0.0254,39.6,0.00449821
500,4.0,0.2286,71.3,0.00400603
6300,0.0,0.1016,55.5,0.00131983
3150,0.0,0.3048,55.5,0.00283081
2000,12.7,0.0254,71.3,0.0121808
3150,15.4,0.0508,39.6,0.0282593
1600,4.0,0.2286,55.5,0.0042862
20000,4.0,0.2286,71.3,0.00400603
5000,0.0,0.0254,39.6,0.000428464
8000,0.0,0.3048,39.6,0.00310138
3150,17.4,0.0254,71.3,0.016104
400,9.9,0.1524,71.3,0.0193001
400,17.4,0.0254,39.6,0.0172206
200,17.4,0.0254,55.5,0.0165706
315,3.0,0.3048,31.7,0.00529514
2000,0.0,0.1524,55.5,0.00172668
1250,0.0,0.0508,31.7,0.000812164
1000,0.0,0.0508,39.6,0.000791822
12500,4.2,0.0508,71.3,0.00142788
5000,12.6,0.1524,39.6,0.0584113
4000,0.0,0.2286,39.6,0.00253511
5000,4.0,0.2286,71.3,0.00400603
2000,19.7,0.0508,39.6,0.036484
6300,9.5,0.0254,55.5,0.0043284
315,15.6,0.1016,71.3,0.0437259
250,7.3,0.2286,55.5,0.0111706
6300,12.7,0.0254,71.3,0.0121808
800,0.0,0.2286,55.5,0.00229336
6300,4.2,0.0508,71.3,0.00142788
2000,4.0,0.3048,39.6,0.00579636
1250,4.0,0.3048,71.3,0.00497773
400,5.4,0.1524,39.6,0.00485029
400,1.5,0.3048,39.6,0.00392107
10000,4.2,0.0508,71.3,0.00142788
1250,0.0,0.0508,39.6,0.000791822
630,0.0,0.1016,55.5,0.00131983
1250,9.5,0.0254,55.5,0.0043284
1250,0.0,0.2286,31.7,0.0027238
1250,17.4,0.0254,31.7,0.0176631
2500,2.7,0.1524,71.3,0.00243851
800,3.0,0.3048,39.6,0.00495741
400,19.7,0.0508,71.3,0.0341183
800,9.5,0.0254,39.6,0.00449821
5000,7.3,0.2286,55.5,0.0111706
1250,12.3,0.1016,71.3,0.0337792
6300,2.0,0.2286,39.6,0.00346574
1000,0.0,0.1524,39.6,0.00193287
500,8.9,0.1016,71.3,0.0103088
500,7.3,0.2286,71.3,0.0104404
3150,3.3,0.1016,55.5,0.002211
3150,8.9,0.1016,39.6,0.0124596
2500,9.9,0.1524,55.5,0.0208438
800,15.4,0.0508,55.5,0.0271925
500,4.0,0.2286,55.5,0.0042862
315,9.9,0.1524,55.5,0.0208438
630,19.7,0.0508,71.3,0.0341183
1250,8.9,0.1016,71.3,0.0103088
5000,3.3,0.1016,71.3,0.00202822
1600,8.4,0.0508,71.3,0.00529514
2000,3.0,0.3048,39.6,0.00495741
500,12.3,0.1016,39.6,0.0408268
800,9.5,0.0254,31.7,0.00461377
5000,0.0,0.3048,31.7,0.00331266
8000,0.0,0.0508,55.5,0.00076193
1000,7.3,0.2286,31.7,0.0132672
1000,5.4,0.1524,39.6,0.00485029
8000,0.0,0.3048,55.5,0.00283081
500,0.0,0.1524,55.5,0.00172668
1250,9.9,0.1524,39.6,0.0233328
4000,2.0,0.2286,39.6,0.00346574
1000,0.0,0.0508,71.3,0.000740478
2500,15.4,0.0508,71.3,0.0264269
2000,12.7,0.0254,39.6,0.0130253
500,17.4,0.0254,39.6,0.0172206
2000,2.0,0.2286,55.5,0.00313525
315,17.4,0.0254,55.5,0.0165706
1600,7.2,0.1524,39.6,0.00909175
6300,9.9,0.1524,71.3,0.0193001
2000,11.2,0.0508,71.3,0.014072
800,0.0,0.1524,55.5,0.00172668
6300,0.0,0.2286,31.7,0.0027238
1250,0.0,0.1524,31.7,0.00209405
2000,4.8,0.0254,39.6,0.000907475
630,0.0,0.1524,31.7,0.00209405
400,15.4,0.0508,31.7,0.0289853
4000,12.7,0.0254,39.6,0.0130253
2000,5.4,0.1524,71.3,0.00401199
315,4.0,0.3048,39.6,0.00579636
6300,0.0,0.2286,39.6,0.00253511
200,15.4,0.0508,71.3,0.0264269
1600,2.7,0.1524,39.6,0.00294804
4000,3.3,0.1016,55.5,0.002211
800,15.6,0.1016,71.3,0.0437259
1000,3.3,0.1016,71.3,0.00202822
2000,9.5,0.0254,39.6,0.00449821
6300,3.0,0.3048,55.5,0.00452492
1600,4.8,0.0254,55.5,0.000873218
6300,4.2,0.0508,39.6,0.00152689
2500,7.2,0.1524,39.6,0.00909175
10000,1.5,0.3048,39.6,0.00392107
630,3.0,0.3048,55.5,0.00452492
1250,4.8,0.0254,31.7,0.000930789
250,15.4,0.0508,71.3,0.0264269
800,12.7,0.0254,71.3,0.0121808
800,0.0,0.3048,71.3,0.00266337
6300,9.9,0.1524,31.7,0.0252785
400,11.2,0.0508,39.6,0.0150478
1600,0.0,0.1524,39.6,0.00193287
2000,5.4,0.1524,31.7,0.00525474
630,3.3,0.1016,31.7,0.00251435
400,9.9,0.1524,55.5,0.0208438
6300,3.0,0.3048,39.6,0.00495741
315,22.2,0.0254,39.6,0.0229028
4000,0.0,0.1016,71.3,0.00121072
400,9.5,0.0254,31.7,0.00461377
800,2.0,0.2286,31.7,0.00372371
2500,9.5,0.0254,31.7,0.00461377
1000,7.3,0.2286,55.5,0.0111706
1250,3.0,0.3048,39.6,0.00495741
3150,22.2,0.0254,71.3,0.0214178
10000,0.0,0.0508,31.7,0.000812164
1600,5.4,0.1524,31.7,0.00525474
1000,2.0,0.2286,39.6,0.00346574
1000,15.4,0.0508,55.5,0.0271925
800,4.0,0.3048,39.6,0.00579636
630,4.0,0.2286,55.5,0.0042862
1600,15.6,0.1016,71.3,0.0437259
500,17.4,0.0254,71.3,0.016104
630,6.7,0.1016,55.5,0.0052139
1250,9.5,0.0254,31.7,0.00461377
630,0.0,0.1016,71.3,0.00121072
2500,9.5,0.0254,55.5,0.0043284
2500,4.8,0.0254,31.7,0.000930789
2500,0.0,0.1524,71.3,0.0015988
1000,4.0,0.2286,55.5,0.0042862
3150,15.4,0.0508,31.7,0.0289853
315,0.0,0.3048,39.6,0.00310138
4000,22.2,0.0254,39.6,0.0229028
4000,2.7,0.1524,71.3,0.00243851
12500,0.0,0.1016,55.5,0.00131983
200,11.2,0.0508,39.6,0.0150478
6300,0.0,0.1016,31.7,0.00150092
1600,0.0,0.3048,71.3,0.00266337
630,4.0,0.3048,39.6,0.00579636
1250,7.3,0.2286,31.7,0.0132672
6300,5.3,0.2286,71.3,0.0051942
2000,15.4,0.0508,71.3,0.0264269
800,3.3,0.1016,55.5,0.002211
800,12.3,0.1016,39.6,0.0408268
800,0.0,0.1016,39.6,0.00146332
6300,2.0,0.2286,31.7,0.00372371
800,8.4,0.0508,55.5,0.00544854
2000,2.0,0.2286,31.7,0.00372371
2500,2.0,0.2286,31.7,0.00372371
6300,0.0,0.1524,71.3,0.0015988
250,17.4,0.0254,39.6,0.0172206
500,7.3,0.2286,39.6,0.0123481
6300,2.7,0.1524,71.3,0.00243851
1250,0.0,0.1016,39.6,0.00146332
800,0.0,0.0508,39.6,0.000791822
1600,6.7,0.1016,55.5,0.0052139
6300,4.0,0.2286,39.6,0.00473801
8000,5.4,0.1524,55.5,0.00433288
12500,1.5,0.3048,71.3,0.00336729
1250,3.3,0.1016,71.3,0.00202822
6300,7.3,0.2286,31.7,0.0132672
4000,4.0,0.2286,71.3,0.00400603
400,8.4,0.0508,39.6,0.00566229
630,3.0,0.3048,31.7,0.00529514
250,12.7,0.0254,71.3,0.0121808
250,9.9,0.1524,39.6,0.0233328
1250,12.6,0.1524,39.6,0.0584113
2000,4.0,0.3048,71.3,0.00497773
800,4.0,0.2286,39.6,0.00473801
5000,0.0,0.2286,71.3,0.00214345
1600,15.4,0.0508,39.6,0.0282593
400,22.2,0.0254,39.6,0.0229028
630,15.4,0.0508,71.3,0.0264269
1600,4.0,0.3048,39.6,0.00579636
4000,17.4,0.0254,71.3,0.016104
4000,0.0,0.3048,71.3,0.00266337
6300,7.2,0.1524,39.6,0.00909175
2000,4.2,0.0508,39.6,0.00152689
10000,0.0,0.1524,71.3,0.0015988
630,22.2,0.0254,71.3,0.0214178
800,2.7,0.1524,71.3,0.00243851
2500,0.0,0.1524,31.7,0.00209405
3150,12.3,0.1016,31.7,0.0418756
250,17.4,0.0254,31.7,0.0176631
630,7.3,0.2286,31.7,0.0132672
16000,0.0,0.0254,39.6,0.000428464
400,0.0,0.2286,55.5,0.00229336
2000,12.6,0.1524,71.3,0.0483159
4000,9.9,0.1524,39.6,0.0233328
2000,7.3,0.2286,39.6,0.0123481
200,7.3,0.2286,71.3,0.0104404
10000,0.0,0.0508,39.6,0.000791822
5000,9.5,0.0254,39.6,0.00449821
5000,4.0,0.2286,31.7,0.00509068
5000,0.0,0.1016,31.7,0.00150092
5000,3.3,0.1016,31.7,0.00251435
1250,1.5,0.3048,71.3,0.00336729
10000,0.0,0.1524,39.6,0.00193287
315,12.6,0.1524,39.6,0.0584113
1000,5.4,0.1524,31.7,0.00525474
6300,5.4,0.1524,39.6,0.00485029
400,12.7,0.0254,39.6,0.0130253
5000,17.4,0.0254,71.3,0.016104
1600,12.3,0.1016,71.3,0.0337792
400,9.5,0.0254,39.6,0.00449821
16000,0.0,0.0254,55.5,0.00041229
200,9.9,0.1524,71.3,0.0193001
3150,12.3,0.1016,39.6,0.0408268
630,15.4,0.0508,39.6,0.0282593
250,12.7,0.0254,39.6,0.0130253
4000,8.4,0.0508,55.5,0.00544854
4000,11.2,0.0508,71.3,0.014072
800,9.9,0.1524,31.7,0.0252785
3150,0.0,0.0254,39.6,0.000428464
1250,5.3,0.2286,39.6,0.00614329
3150,3.3,0.1016,39.6,0.00245138
500,8.9,0.1016,39.6,0.0124596
6300,12.6,0.1524,71.3,0.0483159
500,0.0,0.2286,39.6,0.00253511
8000,4.2,0.0508,39.6,0.00152689
2000,8.4,0.0508,31.7,0.00580776
200,7.3,0.2286,39.6,0.0123481
5000,1.5,0.3048,71.3,0.00336729
3150,6.7,0.1016,71.3,0.00478288
2500,8.9,0.1016,39.6,0.0124596
8000,0.0,0.3048,31.7,0.00331266
250,7.2,0.1524,39.6,0.00909175
800,7.3,0.2286,55.5,0.0111706
2000,5.4,0.1524,55.5,0.00433288
200,17.4,0.0254,39.6,0.0172206
2000,22.2,0.0254,71.3,0.0214178
800,4.8,0.0254,39.6,0.000907475
3150,4.8,0.0254,39.6,0.000907475
400,5.4,0.1524,71.3,0.00401199
200,11.2,0.0508,71.3,0.014072
800,12.6,0.1524,71.3,0.0483159
1000,0.0,0.1016,71.3,0.00121072
5000,8.9,0.1016,39.6,0.0124596
10000,0.0,0.0254,39.6,0.000428464
400,8.9,0.1016,71.3,0.0103088
16000,4.8,0.0254,55.5,0.000873218
5000,2.0,0.2286,39.6,0.00346574
4000,17.4,0.0254,55.5,0.0165706
20000,4.8,0.0254,55.5,0.000873218
1600,0.0,0.0508,71.3,0.000740478
400,5.3,0.2286,71.3,0.0051942
200,7.3,0.2286,31.7,0.0132672
1000,17.4,0.0254,39.6,0.0172206
2000,0.0,0.3048,71.3,0.00266337
4000,3.3,0.1016,31.7,0.00251435
2000,5.4,0.1524,39.6,0.00485029
5000,3.3,0.1016,55.5,0.002211
6300,8.9,0.1016,39.6,0.0124596
2000,8.9,0.1016,39.6,0.0124596
250,9.9,0.1524,55.5,0.0208438
1000,8.4,0.0508,39.6,0.00566229
400,12.6,0.1524,39.6,0.0584113
2500,8.4,0.0508,55.5,0.00544854
1600,0.0,0.0508,55.5,0.00076193
3150,2.0,0.2286,31.7,0.00372371
500,9.9,0.1524,39.6,0.0233328
2000,12.3,0.1016,71.3,0.0337792
2000,4.0,0.2286,31.7,0.00509068
630,5.3,0.2286,71.3,0.0051942
400,5.4,0.1524,31.7,0.00525474
200,8.9,0.1016,71.3,0.0103088
1000,2.7,0.1524,39.6,0.00294804
16000,0.0,0.0254,31.7,0.000439472
6300,4.0,0.2286,31.7,0.00509068
800,15.4,0.0508,31.7,0.0289853
200,15.4,0.0508,39.6,0.0282593
800,4.8,0.0254,31.7,0.000930789
500,12.3,0.1016,71.3,0.0337792
315,4.0,0.3048,71.3,0.00497773
800,0.0,0.0508,55.5,0.00076193
500,15.6,0.1016,39.6,0.0528487
500,0.0,0.3048,55.5,0.00283081
1250,12.7,0.0254,39.6,0.0130253
315,5.4,0.1524,39.6,0.00485029
800,0.0,0.0508,71.3,0.000740478
4000,0.0,0.2286,71.3,0.00214345
5000,0.0,0.2286,55.5,0.00229336
200,15.6,0.1016,39.6,0.0528487
2500,19.7,0.0508,71.3,0.0341183
2500,12.7,0.0254,71.3,0.0121808
1600,8.9,0.1016,71.3,0.0103088
200,9.5,0.0254,39.6,0.00449821
1600,22.2,0.0254,39.6,0.0229028
2000,0.0,0.1016,31.7,0.00150092
4000,2.0,0.2286,71.3,0.00293031
1600,2.0,0.2286,71.3,0.00293031
1000,4.2,0.0508,39.6,0.00152689
800,9.9,0.1524,39.6,0.0233328
1600,0.0,0.0508,39.6,0.000791822
630,0.0,0.2286,39.6,0.00253511
4000,3.0,0.3048,39.6,0.00495741
1000,0.0,0.3048,55.5,0.00283081
800,12.6,0.1524,39.6,0.0584113
8000,12.7,0.0254,71.3,0.0121808
4000,0.0,0.0508,31.7,0.000812164
10000,3.3,0.1016,71.3,0.00202822
2000,9.9,0.1524,39.6,0.0233328
1600,7.3,0.2286,55.5,0.0111706
315,7.2,0.1524,71.3,0.00752039
2000,7.2,0.1524,39.6,0.00909175
5000,9.5,0.0254,55.5,0.0043284
400,8.9,0.1016,39.6,0.0124596
1600,0.0,0.1524,31.7,0.00209405
4000,15.6,0.1016,71.3,0.0437259
2000,3.0,0.3048,55.5,0.00452492
16000,4.8,0.0254,71.3,0.000848633
5000,2.7,0.1524,39.6,0.00294804
4000,3.0,0.3048,71.3,0.00425727
630,0.0,0.3048,31.7,0.00331266
315,9.5,0.0254,39.6,0.00449821
10000,3.3,0.1016,55.5,0.002211
2500,15.4,0.0508,55.5,0.0271925
2500,8.4,0.0508,39.6,0.00566229
2000,2.7,0.1524,71.3,0.00243851
630,8.4,0.0508,31.7,0.00580776
250,15.6,0.1016,39.6,0.0528487
4000,0.0,0.1016,55.5,0.00131983
2000,0.0,0.1016,55.5,0.00131983
315,12.3,0.1016,55.5,0.0368233
8000,0.0,0.1016,31.7,0.00150092
315,7.3,0.2286,55.5,0.0111706
5000,0.0,0.0254,71.3,0.000400682
400,12.7,0.0254,71.3,0.0121808
4000,9.9,0.1524,31.7,0.0252785
6300,12.3,0.1016,71.3,0.0337792
2500,7.3,0.2286,31.7,0.0132672
1000,1.5,0.3048,39.6,0.00392107
4000,9.9,0.1524,71.3,0.0193001
800,9.9,0.1524,71.3,0.0193001
630,7.3,0.2286,39.6,0.0123481
315,2.0,0.2286,31.7,0.00372371
400,12.3,0.1016,39.6,0.0408268
3150,0.0,0.2286,71.3,0.00214345
2000,5.3,0.2286,71.3,0.0051942
200,19.7,0.0508,39.6,0.036484
1250,0.0,0.3048,39.6,0.00310138
8000,0.0,0.0254,31.7,0.000439472
2000,3.0,0.3048,31.7,0.00529514
4000,4.8,0.0254,71.3,0.000848633
630,9.9,0.1524,71.3,0.0193001
6300,9.5,0.0254,39.6,0.00449821
8000,3.3,0.1016,31.7,0.00251435
2500,15.6,0.1016,71.3,0.0437259
500,0.0,0.2286,31.7,0.0027238
5000,4.8,0.0254,71.3,0.000848633
315,12.7,0.0254,71.3,0.0121808
2000,0.0,0.2286,39.6,0.00253511
6300,7.3,0.2286,39.6,0.0123481
1000,0.0,0.1524,55.5,0.00172668
3150,3.3,0.1016,71.3,0.00202822
800,8.9,0.1016,39.6,0.0124596
315,8.9,0.1016,71.3,0.0103088
8000,4.0,0.3048,71.3,0.00497773
1000,2.0,0.2286,71.3,0.00293031
1250,4.0,0.3048,39.6,0.00579636
400,5.4,0.1524,55.5,0.00433288
1600,3.0,0.3048,71.3,0.00425727
6300,4.0,0.2286,55.5,0.0042862
1600,0.0,0.1016,31.7,0.00150092
5000,12.7,0.0254,71.3,0.0121808
6300,2.0,0.2286,71.3,0.00293031
3150,5.3,0.2286,71.3,0.0051942
800,5.4,0.1524,39.6,0.00485029
12500,0.0,0.0254,71.3,0.000400682
10000,0.0,0.3048,39.6,0.00310138
10000,0.0,0.0254,71.3,0.000400682
1000,4.0,0.2286,71.3,0.00400603
1600,8.4,0.0508,55.5,0.00544854
4000,0.0,0.3048,39.6,0.00310138
500,3.0,0.3048,55.5,0.00452492
1600,17.4,0.0254,55.5,0.0165706
1250,12.3,0.1016,39.6,0.0408268
800,0.0,0.3048,31.7,0.00331266
1250,9.5,0.0254,39.6,0.00449821
800,7.3,0.2286,39.6,0.0123481
8000,1.5,0.3048,71.3,0.00336729
1600,12.3,0.1016,31.7,0.0418756
500,2.0,0.2286,55.5,0.00313525
2000,2.7,0.1524,39.6,0.00294804
1600,9.9,0.1524,39.6,0.0233328
2500,0.0,0.1524,39.6,0.00193287
1000,15.6,0.1016,71.3,0.0437259
12500,0.0,0.0254,31.7,0.000439472
3150,0.0,0.0254,55.5,0.00041229
500,9.5,0.0254,31.7,0.00461377
2000,17.4,0.0254,39.6,0.0172206
500,15.4,0.0508,31.7,0.0289853
5000,4.8,0.0254,55.5,0.000873218
315,12.7,0.0254,39.6,0.0130253
2500,17.4,0.0254,71.3,0.016104
630,5.3,0.2286,39.6,0.00614329
5000,1.5,0.3048,39.6,0.00392107
2000,0.0,0.1524,39.6,0.00193287
10000,4.8,0.0254,71.3,0.000848633
400,9.9,0.1524,31.7,0.0252785
2500,12.6,0.1524,39.6,0.0584113
2500,9.9,0.1524,39.6,0.0233328
4000,17.4,0.0254,39.6,0.0172206
500,6.7,0.1016,39.6,0.00578076
500,4.8,0.0254,39.6,0.000907475
800,8.4,0.0508,31.7,0.00580776
500,6.7,0.1016,55.5,0.0052139
4000,4.2,0.0508,71.3,0.00142788
400,2.0,0.2286,39.6,0.00346574
400,6.7,0.1016,39.6,0.00578076
6300,8.9,0.1016,71.3,0.0103088
200,15.4,0.0508,31.7,0.0289853
5000,15.4,0.0508,71.3,0.0264269
800,0.0,0.1016,31.7,0.00150092
1600,12.3,0.1016,55.5,0.0368233
1600,4.0,0.2286,71.3,0.00400603
10000,0.0,0.1016,55.5,0.00131983
800,22.2,0.0254,39.6,0.0229028
500,1.5,0.3048,39.6,0.00392107
200,0.0,0.3048,39.6,0.00310138
2500,2.0,0.2286,39.6,0.00346574
2000,4.8,0.0254,55.5,0.000873218
2500,15.4,0.0508,31.7,0.0289853
500,3.0,0.3048,31.7,0.00529514
1000,0.0,0.2286,39.6,0.00253511
800,12.3,0.1016,55.5,0.0368233
3150,2.0,0.2286,55.5,0.00313525
1250,4.0,0.2286,31.7,0.00509068
400,0.0,0.3048,31.7,0.00331266
10000,0.0,0.0508,71.3,0.000740478
1600,9.9,0.1524,55.5,0.0208438
1250,5.3,0.2286,71.3,0.0051942
315,5.4,0.1524,31.7,0.00525474
400,4.0,0.3048,71.3,0.00497773
3150,15.6,0.1016,39.6,0.0528487
630,17.4,0.0254,55.5,0.0165706
630,11.2,0.0508,71.3,0.014072
500,12.7,0.0254,71.3,0.0121808
1000,17.4,0.0254,31.7,0.0176631
250,0.0,0.3048,39.6,0.00310138
6300,0.0,0.2286,71.3,0.00214345
250,17.4,0.0254,55.5,0.0165706
1250,15.4,0.0508,71.3,0.0264269
800,9.5,0.0254,71.3,0.00420654
1600,12.7,0.0254,71.3,0.0121808
3150,0.0,0.0508,55.5,0.00076193
10000,0.0,0.1016,39.6,0.00146332
2500,4.0,0.3048,39.6,0.00579636
2000,19.7,0.0508,71.3,0.0341183
5000,0.0,0.1016,55.5,0.00131983
400,7.3,0.2286,55.5,0.0111706
2000,0.0,0.2286,31.7,0.0027238
3150,5.4,0.1524,55.5,0.00433288
3150,0.0,0.0508,39.6,0.000791822
1250,3.3,0.1016,55.5,0.002211
500,5.3,0.2286,39.6,0.00614329
2500,3.0,0.3048,55.5,0.00452492
630,6.7,0.1016,39.6,0.00578076
800,8.4,0.0508,71.3,0.00529514
1000,5.3,0.2286,71.3,0.0051942
6300,7.2,0.1524,71.3,0.00752039
5000,5.4,0.1524,71.3,0.00401199
1600,4.0,0.2286,31.7,0.00509068
8000,4.8,0.0254,71.3,0.000848633
2500,0.0,0.3048,39.6,0.00310138
315,7.3,0.2286,71.3,0.0104404
20000,0.0,0.0254,71.3,0.000400682
12500,0.0,0.3048,71.3,0.00266337
200,9.5,0.0254,31.7,0.00461377
2500,3.3,0.1016,31.7,0.00251435
8000,3.0,0.3048,71.3,0.00425727
1600,0.0,0.0254,39.6,0.000428464
8000,3.3,0.1016,39.6,0.00245138
400,15.6,0.1016,39.6,0.0528487
1000,6.7,0.1016,55.5,0.0052139
1250,3.3,0.1016,31.7,0.00251435
4000,0.0,0.0254,39.6,0.000428464
630,12.6,0.1524,71.3,0.0483159
5000,2.0,0.2286,55.5,0.00313525
200,19.7,0.0508,71.3,0.0341183
1250,0.0,0.0508,55.5,0.00076193
800,4.0,0.3048,71.3,0.00497773
1600,15.4,0.0508,31.7,0.0289853
2000,17.4,0.0254,55.5,0.0165706
10000,3.0,0.3048,55.5,0.00452492
1250,0.0,0.1524,55.5,0.00172668
10000,4.0,0.3048,71.3,0.00497773
10000,0.0,0.3048,55.5,0.00283081
315,12.3,0.1016,71.3,0.0337792
3150,9.9,0.1524,31.7,0.0252785
8000,0.0,0.1524,71.3,0.0015988
5000,0.0,0.1524,55.5,0.00172668
800,2.0,0.2286,55.5,0.00313525
1600,17.4,0.0254,71.3,0.016104
5000,0.0,0.1524,71.3,0.0015988
250,22.2,0.0254,39.6,0.0229028
16000,0.0,0.1524,55.5,0.00172668
8000,4.8,0.0254,55.5,0.000873218
400,4.0,0.2286,39.6,0.00473801
1600,8.9,0.1016,39.6,0.0124596
2500,0.0,0.2286,39.6,0.00253511
250,12.6,0.1524,71.3,0.0483159
16000,0.0,0.1524,71.3,0.0015988
8000,12.7,0.0254,39.6,0.0130253
500,15.4,0.0508,39.6,0.0282593
1600,0.0,0.0254,31.7,0.000439472
500,17.4,0.0254,31.7,0.0176631
2500,9.5,0.0254,39.6,0.00449821
200,22.2,0.0254,39.6,0.0229028
1000,12.3,0.1016,31.7,0.0418756
6300,3.3,0.1016,31.7,0.00251435
1000,22.2,0.0254,71.3,0.0214178
10000,0.0,0.0254,55.5,0.00041229
500,7.3,0.2286,55.5,0.0111706
1250,2.0,0.2286,55.5,0.00313525
5000,3.0,0.3048,71.3,0.00425727
4000,4.2,0.0508,39.6,0.00152689
6300,12.7,0.0254,39.6,0.0130253
8000,0.0,0.0508,39.6,0.000791822
6300,0.0,0.1524,39.6,0.00193287
1250,3.0,0.3048,55.5,0.00452492
2000,8.9,0.1016,71.3,0.0103088
2500,2.7,0.1524,39.6,0.00294804
2000,0.0,0.0254,39.6,0.000428464
400,12.3,0.1016,55.5,0.0368233
5000,5.3,0.2286,71.3,0.0051942
2000,1.5,0.3048,71.3,0.00336729
500,4.0,0.2286,39.6,0.00473801
1250,12.7,0.0254,71.3,0.0121808
400,12.3,0.1016,31.7,0.0418756
2000,3.3,0.1016,31.7,0.00251435
500,0.0,0.1524,39.6,0.00193287
6300,7.3,0.2286,55.5,0.0111706
1000,4.0,0.2286,31.7,0.00509068
630,19.7,0.0508,39.6,0.036484
2500,6.7,0.1016,71.3,0.00478288
1000,12.3,0.1016,39.6,0.0408268
6300,4.0,0.3048,71.3,0.00497773
3150,4.8,0.0254,71.3,0.000848633
800,0.0,0.3048,39.6,0.00310138
4000,9.5,0.0254,31.7,0.00461377
1000,9.9,0.1524,71.3,0.0193001
1000,11.2,0.0508,71.3,0.014072
12500,0.0,0.2286,71.3,0.00214345
400,4.0,0.2286,55.5,0.0042862
6300,15.4,0.0508,55.5,0.0271925
6300,9.9,0.1524,39.6,0.0233328
200,9.9,0.1524,31.7,0.0252785
1250,8.4,0.0508,71.3,0.00529514
1600,15.4,0.0508,71.3,0.0264269
500,2.7,0.1524,39.6,0.00294804
10000,12.7,0.0254,39.6,0.0130253
1250,12.3,0.1016,31.7,0.0418756
4000,8.4,0.0508,39.6,0.00566229
6300,0.0,0.0254,31.7,0.000439472
400,15.6,0.1016,71.3,0.0437259
315,3.0,0.3048,39.6,0.00495741
630,9.5,0.0254,55.5,0.0043284
1000,5.4,0.1524,55.5,0.00433288
400,19.7,0.0508,39.6,0.036484
500,22.2,0.0254,39.6,0.0229028
3150,3.0,0.3048,31.7,0.00529514
20000,0.0,0.0254,55.5,0.00041229
3150,1.5,0.3048,39.6,0.00392107
1600,9.5,0.0254,71.3,0.00420654
1000,9.9,0.1524,39.6,0.0233328
500,9.5,0.0254,55.5,0.0043284
315,0.0,0.2286,31.7,0.0027238
400,3.0,0.3048,55.5,0.00452492
1250,9.9,0.1524,31.7,0.0252785
630,15.4,0.0508,55.5,0.0271925
2000,7.3,0.2286,71.3,0.0104404
5000,0.0,0.0508,55.5,0.00076193
1000,6.7,0.1016,31.7,0.00592927
4000,0.0,0.0508,55.5,0.00076193
2500,4.0,0.2286,31.7,0.00509068
1600,3.3,0.1016,71.3,0.00202822
2500,0.0,0.0254,71.3,0.000400682
1600,4.8,0.0254,31.7,0.000930789
200,12.6,0.1524,71.3,0.0483159
800,11.2,0.0508,39.6,0.0150478
10000,0.0,0.3048,71.3,0.00266337
4000,0.0,0.3048,55.5,0.00283081
5000,0.0,0.3048,55.5,0.00283081
6300,0.0,0.3048,55.5,0.00283081
12500,0.0,0.3048,55.5,0.00283081
400,0.0,0.3048,39.6,0.00310138
500,0.0,0.3048,39.6,0.00310138
1000,0.0,0.3048,39.6,0.00310138
3150,0.0,0.3048,39.6,0.00310138
5000,0.0,0.3048,39.6,0.00310138
1600,0.0,0.3048,31.7,0.00331266
1000,1.5,0.3048,71.3,0.00336729
1600,1.5,0.3048,71.3,0.00336729
3150,1.5,0.3048,71.3,0.00336729
4000,1.5,0.3048,71.3,0.00336729
800,1.5,0.3048,39.6,0.00392107
1250,1.5,0.3048,39.6,0.00392107
1600,1.5,0.3048,39.6,0.00392107
4000,1.5,0.3048,39.6,0.00392107
6300,1.5,0.3048,39.6,0.00392107
8000,1.5,0.3048,39.6,0.00392107
500,3.0,0.3048,71.3,0.00425727
630,3.0,0.3048,71.3,0.00425727
3150,3.0,0.3048,71.3,0.00425727
10000,3.0,0.3048,71.3,0.00425727
800,3.0,0.3048,55.5,0.00452492
3150,3.0,0.3048,55.5,0.00452492
5000,3.0,0.3048,55.5,0.00452492
400,3.0,0.3048,39.6,0.00495741
500,3.0,0.3048,39.6,0.00495741
630,3.0,0.3048,39.6,0.00495741
2500,3.0,0.3048,39.6,0.00495741
5000,3.0,0.3048,39.6,0.00495741
800,3.0,0.3048,31.7,0.00529514
1000,3.0,0.3048,31.7,0.00529514
1600,3.0,0.3048,31.7,0.00529514
2500,3.0,0.3048,31.7,0.00529514
630,4.0,0.3048,71.3,0.00497773
1600,4.0,0.3048,71.3,0.00497773
2500,4.0,0.3048,71.3,0.00497773
4000,4.0,0.3048,71.3,0.00497773
5000,4.0,0.3048,71.3,0.00497773
250,4.0,0.3048,39.6,0.00579636
400,4.0,0.3048,39.6,0.00579636
1000,4.0,0.3048,39.6,0.00579636
1600,0.0,0.2286,71.3,0.00214345
10000,0.0,0.2286,71.3,0.00214345
16000,0.0,0.2286,71.3,0.00214345
315,0.0,0.2286,55.5,0.00229336
500,0.0,0.2286,55.5,0.00229336
1250,0.0,0.2286,55.5,0.00229336
2000,0.0,0.2286,55.5,0.00229336
4000,0.0,0.2286,55.5,0.00229336
400,0.0,0.2286,39.6,0.00253511
1250,0.0,0.2286,39.6,0.00253511
630,0.0,0.2286,31.7,0.0027238
1000,0.0,0.2286,31.7,0.0027238
500,2.0,0.2286,71.3,0.00293031
8000,2.0,0.2286,71.3,0.00293031
10000,2.0,0.2286,71.3,0.00293031
500,2.0,0.2286,39.6,0.00346574
630,2.0,0.2286,39.6,0.00346574
800,2.0,0.2286,39.6,0.00346574
1250,2.0,0.2286,39.6,0.00346574
400,2.0,0.2286,31.7,0.00372371
500,2.0,0.2286,31.7,0.00372371
1000,2.0,0.2286,31.7,0.00372371
1250,2.0,0.2286,31.7,0.00372371
4000,2.0,0.2286,31.7,0.00372371
5000,2.0,0.2286,31.7,0.00372371
3150,4.0,0.2286,71.3,0.00400603
16000,4.0,0.2286,71.3,0.00400603
2000,4.0,0.2286,55.5,0.0042862
2500,4.0,0.2286,55.5,0.0042862
8000,4.0,0.2286,55.5,0.0042862
1000,4.0,0.2286,39.6,0.00473801
3150,4.0,0.2286,39.6,0.00473801
4000,4.0,0.2286,39.6,0.00473801
2500,5.3,0.2286,71.3,0.0051942
4000,5.3,0.2286,71.3,0.0051942
8000,5.3,0.2286,71.3,0.0051942
400,5.3,0.2286,39.6,0.00614329
1600,5.3,0.2286,39.6,0.00614329
4000,5.3,0.2286,39.6,0.00614329
5000,5.3,0.2286,39.6,0.00614329
1250,7.3,0.2286,71.3,0.0104404
250,7.3,0.2286,39.6,0.0123481
1000,7.3,0.2286,39.6,0.0123481
1250,7.3,0.2286,39.6,0.0123481
2500,7.3,0.2286,39.6,0.0123481
800,7.3,0.2286,31.7,0.0132672
2000,7.3,0.2286,31.7,0.0132672
3150,7.3,0.2286,31.7,0.0132672
1000,0.0,0.1524,71.3,0.0015988
630,0.0,0.1524,55.5,0.00172668
8000,0.0,0.1524,55.5,0.00172668
1250,0.0,0.1524,39.6,0.00193287
500,0.0,0.1524,31.7,0.00209405
5000,0.0,0.1524,31.7,0.00209405
6300,0.0,0.1524,31.7,0.00209405
8000,0.0,0.1524,31.7,0.00209405
1250,2.7,0.1524,71.3,0.00243851
16000,2.7,0.1524,71.3,0.00243851
6300,2.7,0.1524,39.6,0.00294804
630,5.4,0.1524,71.3,0.00401199
800,5.4,0.1524,71.3,0.00401199
1600,5.4,0.1524,71.3,0.00401199
4000,5.4,0.1524,71.3,0.00401199
500,5.4,0.1524,55.5,0.00433288
630,5.4,0.1524,55.5,0.00433288
1250,5.4,0.1524,55.5,0.00433288
1600,5.4,0.1524,55.5,0.00433288
2500,5.4,0.1524,55.5,0.00433288
500,5.4,0.1524,31.7,0.00525474
2500,5.4,0.1524,31.7,0.00525474
5000,5.4,0.1524,31.7,0.00525474
500,7.2,0.1524,71.3,0.00752039
630,7.2,0.1524,71.3,0.00752039
800,7.2,0.1524,71.3,0.00752039
3150,7.2,0.1524,71.3,0.00752039
4000,7.2,0.1524,71.3,0.00752039
10000,7.2,0.1524,71.3,0.00752039
800,7.2,0.1524,39.6,0.00909175
3150,7.2,0.1524,39.6,0.00909175
10000,7.2,0.1524,39.6,0.00909175
500,9.9,0.1524,71.3,0.0193001
1250,9.9,0.1524,71.3,0.0193001
2000,9.9,0.1524,71.3,0.0193001
200,9.9,0.1524,55.5,0.0208438
5000,9.9,0.1524,55.5,0.0208438
315,9.9,0.1524,39.6,0.0233328
3150,9.9,0.1524,39.6,0.0233328
5000,9.9,0.1524,39.6,0.0233328
1000,9.9,0.1524,31.7,0.0252785
400,12.6,0.1524,71.3,0.0483159
500,12.6,0.1524,71.3,0.0483159
1250,12.6,0.1524,71.3,0.0483159
3150,12.6,0.1524,71.3,0.0483159
250,12.6,0.1524,39.6,0.0584113
630,12.6,0.1524,39.6,0.0584113
2000,12.6,0.1524,39.6,0.0584113
1250,0.0,0.0508,71.3,0.000740478
2500,0.0,0.0508,71.3,0.000740478
6300,0.0,0.0508,71.3,0.000740478
8000,0.0,0.0508,71.3,0.000740478
1000,0.0,0.0508,55.5,0.00076193
10000,0.0,0.0508,55.5,0.00076193
12500,0.0,0.0508,55.5,0.00076193
2000,0.0,0.0508,39.6,0.000791822
2500,0.0,0.0508,39.6,0.000791822
12500,0.0,0.0508,39.6,0.000791822
1000,0.0,0.0508,31.7,0.000812164
1600,0.0,0.0508,31.7,0.000812164
3150,0.0,0.0508,31.7,0.000812164
8000,0.0,0.0508,31.7,0.000812164
1600,4.2,0.0508,71.3,0.00142788
2000,4.2,0.0508,71.3,0.00142788
2500,4.2,0.0508,71.3,0.00142788
5000,4.2,0.0508,71.3,0.00142788
2500,4.2,0.0508,39.6,0.00152689
10000,4.2,0.0508,39.6,0.00152689
2000,8.4,0.0508,71.3,0.00529514
2500,8.4,0.0508,71.3,0.00529514
3150,8.4,0.0508,71.3,0.00529514
5000,8.4,0.0508,71.3,0.00529514
400,8.4,0.0508,55.5,0.00544854
630,8.4,0.0508,55.5,0.00544854
1250,8.4,0.0508,55.5,0.00544854
3150,8.4,0.0508,55.5,0.00544854
630,8.4,0.0508,39.6,0.00566229
1250,8.4,0.0508,31.7,0.00580776
315,11.2,0.0508,71.3,0.014072
500,11.2,0.0508,71.3,0.014072
1250,11.2,0.0508,71.3,0.014072
1600,11.2,0.0508,71.3,0.014072
500,11.2,0.0508,39.6,0.0150478
630,11.2,0.0508,39.6,0.0150478
2000,11.2,0.0508,39.6,0.0150478
4000,11.2,0.0508,39.6,0.0150478
400,15.4,0.0508,71.3,0.0264269
1000,15.4,0.0508,71.3,0.0264269
4000,15.4,0.0508,71.3,0.0264269
8000,15.4,0.0508,71.3,0.0264269
200,15.4,0.0508,55.5,0.0271925
315,15.4,0.0508,55.5,0.0271925
400,15.4,0.0508,55.5,0.0271925
1250,15.4,0.0508,55.5,0.0271925
800,15.4,0.0508,39.6,0.0282593
1000,15.4,0.0508,39.6,0.0282593
1250,15.4,0.0508,39.6,0.0282593
6300,15.4,0.0508,39.6,0.0282593
250,15.4,0.0508,31.7,0.0289853
1000,15.4,0.0508,31.7,0.0289853
2000,15.4,0.0508,31.7,0.0289853
4000,15.4,0.0508,31.7,0.0289853
250,19.7,0.0508,39.6,0.036484
500,19.7,0.0508,39.6,0.036484
800,19.7,0.0508,39.6,0.036484
1250,19.7,0.0508,39.6,0.036484
4000,0.0,0.0254,71.3,0.000400682
8000,0.0,0.0254,71.3,0.000400682
2000,0.0,0.0254,55.5,0.00041229
2500,0.0,0.0254,55.5,0.00041229
5000,0.0,0.0254,55.5,0.00041229
8000,0.0,0.0254,55.5,0.00041229
10000,0.0,0.0254,31.7,0.000439472
2000,4.8,0.0254,71.3,0.000848633
2500,4.8,0.0254,55.5,0.000873218
4000,4.8,0.0254,55.5,0.000873218
1000,4.8,0.0254,39.6,0.000907475
1600,4.8,0.0254,39.6,0.000907475
2500,4.8,0.0254,39.6,0.000907475
5000,4.8,0.0254,39.6,0.000907475
10000,4.8,0.0254,39.6,0.000907475
4000,4.8,0.0254,31.7,0.000930789
1250,9.5,0.0254,71.3,0.00420654
4000,9.5,0.0254,71.3,0.00420654
5000,9.5,0.0254,71.3,0.00420654
6300,9.5,0.0254,71.3,0.00420654
400,9.5,0.0254,55.5,0.0043284
800,9.5,0.0254,55.5,0.0043284
3150,9.5,0.0254,55.5,0.0043284
250,9.5,0.0254,39.6,0.00449821
500,9.5,0.0254,39.6,0.00449821
4000,9.5,0.0254,39.6,0.00449821
1000,9.5,0.0254,31.7,0.00461377
1600,9.5,0.0254,31.7,0.00461377
2000,9.5,0.0254,31.7,0.00461377
5000,9.5,0.0254,31.7,0.00461377
6300,9.5,0.0254,31.7,0.00461377
630,12.7,0.0254,71.3,0.0121808
1000,12.7,0.0254,71.3,0.0121808
630,12.7,0.0254,39.6,0.0130253
1600,12.7,0.0254,39.6,0.0130253
3150,12.7,0.0254,39.6,0.0130253
5000,12.7,0.0254,39.6,0.0130253
630,17.4,0.0254,71.3,0.016104
800,17.4,0.0254,71.3,0.016104
1250,17.4,0.0254,71.3,0.016104
6300,17.4,0.0254,71.3,0.016104
400,17.4,0.0254,55.5,0.0165706
1000,17.4,0.0254,55.5,0.0165706
1250,17.4,0.0254,55.5,0.0165706
3150,17.4,0.0254,55.5,0.0165706
400,17.4,0.0254,31.7,0.0176631
800,17.4,0.0254,31.7,0.0176631
1600,17.4,0.0254,31.7,0.0176631
2500,17.4,0.0254,31.7,0.0176631
3150,17.4,0.0254,31.7,0.0176631
4000,17.4,0.0254,31.7,0.0176631
5000,17.4,0.0254,31.7,0.0176631
1250,22.2,0.0254,71.3,0.0214178
4000,22.2,0.0254,71.3,0.0214178
800,0.0,0.1016,71.3,0.00121072
6300,0.0,0.1016,71.3,0.00121072
8000,0.0,0.1016,71.3,0.00121072
10000,0.0,0.1016,71.3,0.00121072
1250,0.0,0.1016,55.5,0.00131983
2500,0.0,0.1016,55.5,0.00131983
1600,0.0,0.1016,39.6,0.00146332
1250,0.0,0.1016,31.7,0.00150092
3150,0.0,0.1016,31.7,0.00150092
4000,0.0,0.1016,31.7,0.00150092
10000,0.0,0.1016,31.7,0.00150092
6300,3.3,0.1016,71.3,0.00202822
8000,3.3,0.1016,71.3,0.00202822
2500,3.3,0.1016,55.5,0.002211
6300,3.3,0.1016,55.5,0.002211
8000,3.3,0.1016,55.5,0.002211
6300,3.3,0.1016,39.6,0.00245138
1600,3.3,0.1016,31.7,0.00251435
800,6.7,0.1016,71.3,0.00478288
1000,6.7,0.1016,71.3,0.00478288
1250,6.7,0.1016,55.5,0.0052139
800,6.7,0.1016,39.6,0.00578076
315,6.7,0.1016,31.7,0.00592927
400,6.7,0.1016,31.7,0.00592927
500,6.7,0.1016,31.7,0.00592927
630,6.7,0.1016,31.7,0.00592927
800,8.9,0.1016,71.3,0.0103088
1000,8.9,0.1016,71.3,0.0103088
315,8.9,0.1016,39.6,0.0124596
630,8.9,0.1016,39.6,0.0124596
800,12.3,0.1016,71.3,0.0337792
2500,12.3,0.1016,71.3,0.0337792
630,12.3,0.1016,55.5,0.0368233
1250,12.3,0.1016,55.5,0.0368233
2500,12.3,0.1016,55.5,0.0368233
4000,12.3,0.1016,55.5,0.0368233
2000,12.3,0.1016,39.6,0.0408268
2500,12.3,0.1016,39.6,0.0408268
5000,12.3,0.1016,39.6,0.0408268
500,12.3,0.1016,31.7,0.0418756
800,12.3,0.1016,31.7,0.0418756
2000,12.3,0.1016,31.7,0.0418756
630,15.6,0.1016,71.3,0.0437259
1250,15.6,0.1016,71.3,0.0437259
315,15.6,0.1016,39.6,0.0528487
2000,15.6,0.1016,39.6,0.0528487
2500,15.6,0.1016,39.6,0.0528487
