frequency,attack-angle,chord-length,free-stream-velocity,suct-side-displacement,norm-sound
6300,4.8,0.0254,31.7,0.000930789,78.4907065
400,7.3,0.2286,71.3,0.0104404,95.881086
5000,5.4,0.1524,31.7,0.00525474,32.7359268
5000,9.5,0.0254,71.3,0.00420654,73.9383625
630,9.9,0.1524,31.7,0.0252785,60.2786715
8000,0,0.0254,31.7,0.000439472,89.9486798
315,17.4,0.0254,39.6,0.0172206,31.2814104
2000,15.4,0.0508,31.7,0.0289853,46.4142314
250,4,0.3048,71.3,0.00497773,61.198713
6300,15.4,0.0508,39.6,0.0282593,16.706996
1600,3.3,0.1016,39.6,0.00245138,78.9507273
500,2,0.2286,55.5,0.00313525,56.6703007
200,0,0.3048,31.7,0.00331266,36.7351823
1000,0,0.0508,39.6,0.000791822,64.5039487
4000,22.2,0.0254,71.3,0.0214178,54.6095142
315,19.7,0.0508,39.6,0.036484,70.4230595
2500,3,0.3048,39.6,0.00495741,44.6246709
630,4.8,0.0254,31.7,0.000930789,44.4013083
1250,19.7,0.0508,71.3,0.0341183,48.142633
2500,5.3,0.2286,39.6,0.00614329,33.9591034
400,4,0.3048,39.6,0.00579636,67.1497328
1600,0,0.0508,39.6,0.000791822,73.1991385
315,8.9,0.1016,39.6,0.0124596,85.0905417
400,8.4,0.0508,39.6,0.00566229,44.2337863
400,6.7,0.1016,31.7,0.00592927,66.253623
250,9.9,0.1524,71.3,0.0193001,84.9549286
2500,3.3,0.1016,55.5,0.002211,78.4667748
800,0,0.1016,39.6,0.00146332,66.5328263
2000,22.2,0.0254,39.6,0.0229028,47.5337038
5000,12.7,0.0254,71.3,0.0121808,68.0671152
1250,1.5,0.3048,71.3,0.00336729,59.8080145
630,7.3,0.2286,31.7,0.0132672,60.6509426
6300,4.2,0.0508,71.3,0.00142788,68.9446114
800,8.4,0.0508,55.5,0.00544854,66.9609381
10000,4.2,0.0508,39.6,0.00152689,36.1289122
1000,17.4,0.0254,55.5,0.0165706,60.1510357
6300,12.3,0.1016,39.6,0.0408268,12.2450608
1000,2,0.2286,31.7,0.00372371,71.6010317
1250,17.4,0.0254,39.6,0.0172206,74.4116787
8000,0,0.1016,71.3,0.00121072,58.7257691
1250,0,0.1016,39.6,0.00146332,76.8234637
250,15.4,0.0508,39.6,0.0282593,51.8866169
1250,17.4,0.0254,31.7,0.0176631,66.2802138
16000,2.7,0.1524,71.3,0.00243851,18.5710107
1250,0,0.1524,71.3,0.0015988,67.9315021
5000,12.3,0.1016,55.5,0.0368233,22.9584918
2000,0,0.3048,39.6,0.00310138,54.0032441
1250,5.4,0.1524,55.5,0.00433288,72.8507991
2500,2,0.2286,71.3,0.00293031,62.8234105
630,5.4,0.1524,31.7,0.00525474,74.6962002
12500,4.8,0.0254,55.5,0.000873218,57.7392507
3150,8.4,0.0508,71.3,0.00529514,76.0124445
6300,0,0.1016,71.3,0.00121072,69.1759513
2500,15.4,0.0508,39.6,0.0282593,50.6102587
400,9.9,0.1524,31.7,0.0252785,67.9634111
800,11.2,0.0508,71.3,0.014072,86.8216024
3150,0,0.2286,31.7,0.0027238,53.3544287
2000,9.5,0.0254,71.3,0.00420654,84.0162736
500,0,0.2286,55.5,0.00229336,54.2452203
8000,3.3,0.1016,71.3,0.00202822,47.4752041
6300,1.5,0.3048,39.6,0.00392107,30.2363922
250,12.3,0.1016,55.5,0.0368233,79.543702
3150,0,0.0508,55.5,0.00076193,83.6174117
800,0,0.3048,55.5,0.00283081,65.6952163
630,17.4,0.0254,31.7,0.0176631,89.0951153
250,5.3,0.2286,39.6,0.00614329,62.8367059
500,7.2,0.1524,71.3,0.00752039,76.2171936
2000,22.2,0.0254,71.3,0.0214178,63.3312947
1250,8.4,0.0508,71.3,0.00529514,76.331534
5000,0,0.3048,39.6,0.00310138,38.3146755
1250,1.5,0.3048,39.6,0.00392107,58.050363
3150,7.3,0.2286,31.7,0.0132672,26.1892733
20000,0,0.2286,71.3,0.00214345,29.4998272
250,7.3,0.2286,71.3,0.0104404,97.1574441
5000,9.9,0.1524,71.3,0.0193001,29.7524397
1600,12.7,0.0254,39.6,0.0130253,70.7235355
1600,5.4,0.1524,71.3,0.00401199,79.4027708
250,17.4,0.0254,39.6,0.0172206,30.1380062
4000,15.4,0.0508,31.7,0.0289853,32.5870184
1000,7.3,0.2286,39.6,0.0123481,50.9453027
8000,0,0.0254,39.6,0.000428464,86.3828543
800,6.7,0.1016,55.5,0.0052139,86.6141942
6300,9.9,0.1524,71.3,0.0193001,23.0249688
6300,12.3,0.1016,31.7,0.0418756,10.3358417
1600,0,0.3048,71.3,0.00266337,64.378972
500,9.9,0.1524,71.3,0.0193001,74.1856569
2500,9.5,0.0254,39.6,0.00449821,74.0659984
2000,15.4,0.0508,39.6,0.0282593,53.3491105
1000,9.9,0.1524,31.7,0.0252785,49.9082618
5000,9.9,0.1524,39.6,0.0233328,20.621161
2000,5.4,0.1524,55.5,0.00433288,67.3465046
2000,5.3,0.2286,39.6,0.00614329,38.6390831
1600,8.4,0.0508,39.6,0.00566229,73.350706
2000,7.2,0.1524,71.3,0.00752039,67.1763236
2000,0,0.1524,31.7,0.00209405,67.8783205
4000,2.7,0.1524,39.6,0.00294804,49.2169011
5000,2,0.2286,39.6,0.00346574,41.0747999
10000,1.5,0.3048,71.3,0.00336729,26.8886112
3150,2,0.2286,55.5,0.00313525,54.1441753
3150,15.6,0.1016,39.6,0.0528487,15.6194326
2500,2.7,0.1524,39.6,0.00294804,59.055495
5000,0,0.3048,55.5,0.00283081,43.1462228
16000,4,0.2286,71.3,0.00400603,24.9634377
4000,3.3,0.1016,55.5,0.002211,63.4163852
800,7.2,0.1524,71.3,0.00752039,86.8003297
6300,4,0.2286,39.6,0.00473801,28.9015343
1600,0,0.1016,71.3,0.00121072,75.3716063
2000,12.3,0.1016,71.3,0.0337792,50.0917382
2500,0,0.1016,39.6,0.00146332,77.7275507
10000,3,0.3048,71.3,0.00425727,18.1987396
630,2,0.2286,71.3,0.00293031,63.7540883
2000,12.6,0.1524,71.3,0.0483159,37.5568378
250,7.2,0.1524,39.6,0.00909175,64.1050868
2000,0,0.0508,71.3,0.000740478,73.6033185
800,15.6,0.1016,71.3,0.0437259,55.3301247
4000,0,0.2286,31.7,0.0027238,49.6051267
250,12.3,0.1016,71.3,0.0337792,74.9541309
4000,0,0.1524,31.7,0.00209405,54.3170154
250,7.3,0.2286,31.7,0.0132672,71.0213524
16000,1.5,0.3048,71.3,0.00336729,8.5143723
800,12.3,0.1016,31.7,0.0418756,44.292286
250,15.4,0.0508,31.7,0.0289853,47.4512724
800,19.7,0.0508,71.3,0.0341183,56.3060069
250,4,0.2286,31.7,0.00509068,44.6964661
1000,11.2,0.0508,71.3,0.014072,89.2413646
8000,4.8,0.0254,31.7,0.000930789,62.8287287
1000,5.4,0.1524,71.3,0.00401199,79.2964076
800,4.8,0.0254,39.6,0.000907475,46.2307549
5000,4.8,0.0254,31.7,0.000930789,84.7395432
2500,17.4,0.0254,39.6,0.0172206,55.239716
3150,3,0.3048,71.3,0.00425727,48.2197463
315,12.3,0.1016,55.5,0.0368233,85.872311
500,11.2,0.0508,71.3,0.014072,71.611668
1250,4,0.2286,55.5,0.0042862,74.1457707
200,9.9,0.1524,31.7,0.0252785,63.6025208
400,12.3,0.1016,71.3,0.0337792,95.8544952
2500,12.3,0.1016,55.5,0.0368233,36.3602521
1600,7.2,0.1524,39.6,0.00909175,44.3481267
630,5.3,0.2286,39.6,0.00614329,76.1321031
630,3.3,0.1016,39.6,0.00245138,63.474885
630,5.4,0.1524,55.5,0.00433288,75.5896509
5000,1.5,0.3048,71.3,0.00336729,43.2153588
4000,7.2,0.1524,39.6,0.00909175,28.925466
200,15.4,0.0508,71.3,0.0264269,53.7532906
250,17.4,0.0254,31.7,0.0176631,36.0996623
630,12.3,0.1016,71.3,0.0337792,85.0586327
4000,9.5,0.0254,71.3,0.00420654,82.0485548
1000,8.4,0.0508,31.7,0.00580776,69.4976999
630,7.3,0.2286,55.5,0.0111706,73.2682745
4000,19.7,0.0508,71.3,0.0341183,25.7000027
630,4,0.2286,55.5,0.0042862,70.6889675
1250,0,0.0508,55.5,0.00076193,63.0095461
3150,0,0.1016,31.7,0.00150092,70.7128992
500,0,0.1524,31.7,0.00209405,48.4936315
3150,4.2,0.0508,39.6,0.00152689,80.3228122
800,3,0.3048,39.6,0.00495741,69.5934268
10000,0,0.0508,55.5,0.00076193,64.4986306
2500,0,0.0254,55.5,0.00041229,70.9788071
5000,3,0.3048,31.7,0.00529514,27.8618342
8000,4.8,0.0254,39.6,0.000907475,74.3638152
2000,17.4,0.0254,71.3,0.016104,62.3447762
500,15.4,0.0508,71.3,0.0264269,63.5652937
1600,4.8,0.0254,31.7,0.000930789,67.3757545
315,12.3,0.1016,31.7,0.0418756,56.7367777
8000,15.4,0.0508,71.3,0.0264269,24.7161433
8000,4,0.2286,39.6,0.00473801,25.9233653
500,6.7,0.1016,31.7,0.00592927,71.3324647
315,12.3,0.1016,39.6,0.0408268,69.2291329
3150,7.3,0.2286,55.5,0.0111706,36.5729784
8000,3,0.3048,55.5,0.00452492,27.7049485
315,12.3,0.1016,71.3,0.0337792,89.5790677
250,15.6,0.1016,71.3,0.0437259,76.5229877
630,3.3,0.1016,55.5,0.002211,61.7411652
1600,2,0.2286,71.3,0.00293031,64.9240833
1250,15.4,0.0508,39.6,0.0282593,62.1240726
1600,0,0.2286,31.7,0.0027238,59.1512218
250,12.3,0.1016,31.7,0.0418756,59.7681283
3150,7.3,0.2286,71.3,0.0104404,45.4117584
1000,15.4,0.0508,71.3,0.0264269,75.7438775
1000,0,0.0508,31.7,0.000812164,62.2224586
10000,0,0.0254,31.7,0.000439472,82.0246231
1000,8.9,0.1016,71.3,0.0103088,85.2314729
3150,0,0.2286,39.6,0.00253511,56.4921424
3150,4.2,0.0508,71.3,0.00142788,80.6977424
2500,3,0.3048,71.3,0.00425727,54.8940357
4000,4,0.2286,39.6,0.00473801,41.9576143
1000,3,0.3048,71.3,0.00425727,68.1362512
250,12.3,0.1016,39.6,0.0408268,69.9204935
2500,19.7,0.0508,39.6,0.036484,34.046853
2000,15.6,0.1016,39.6,0.0528487,19.9803228
5000,0,0.0254,55.5,0.00041229,86.2153323
2500,11.2,0.0508,39.6,0.0150478,49.9641024
3150,0,0.1016,71.3,0.00121072,75.9831946
800,11.2,0.0508,39.6,0.0150478,80.8626054
16000,0,0.0254,31.7,0.000439472,59.15654
1000,9.9,0.1524,39.6,0.0233328,54.3914697
8000,0,0.0508,55.5,0.00076193,71.1995107
630,15.4,0.0508,71.3,0.0264269,69.8407211
1000,3,0.3048,31.7,0.00529514,62.3766852
315,15.4,0.0508,39.6,0.0282593,56.1411439
10000,5.3,0.2286,71.3,0.0051942,21.192863
5000,5.4,0.1524,71.3,0.00401199,44.3561039
1600,9.9,0.1524,71.3,0.0193001,48.9509932
2500,0,0.1524,71.3,0.0015988,65.8042386
3150,0,0.3048,71.3,0.00266337,58.0237722
5000,0,0.0254,39.6,0.000428464,88.1644375
630,15.4,0.0508,55.5,0.0271925,69.0031111
1250,0,0.2286,31.7,0.0027238,67.6070944
200,15.6,0.1016,71.3,0.0437259,73.1725477
2000,4.8,0.0254,71.3,0.000848633,66.5248491
500,17.4,0.0254,55.5,0.0165706,43.186109
500,15.4,0.0508,55.5,0.0271925,63.3924535
6300,4.8,0.0254,55.5,0.000873218,84.5161805
1000,6.7,0.1016,31.7,0.00592927,75.1349483
800,5.4,0.1524,55.5,0.00433288,79.0198633
800,4,0.2286,71.3,0.00400603,72.614141
4000,3,0.3048,39.6,0.00495741,35.6635733
2000,17.4,0.0254,55.5,0.0165706,58.1833169
2000,0,0.1016,39.6,0.00146332,79.4293616
5000,0,0.1524,71.3,0.0015988,61.3635759
400,9.9,0.1524,71.3,0.0193001,84.2901587
630,19.7,0.0508,39.6,0.036484,45.0554418
5000,12.6,0.1524,71.3,0.0483159,12.3753557
1600,6.7,0.1016,55.5,0.0052139,80.4983115
500,8.9,0.1016,39.6,0.0124596,80.8626054
6300,2,0.2286,71.3,0.00293031,46.2839365
3150,0,0.1016,39.6,0.00146332,73.3400697
1600,1.5,0.3048,39.6,0.00392107,50.0731247
6300,7.3,0.2286,31.7,0.0132672,19.4352115
630,17.4,0.0254,71.3,0.016104,51.1234611
500,4,0.2286,31.7,0.00509068,67.9634111
6300,3.3,0.1016,71.3,0.00202822,57.2340256
1600,0,0.2286,55.5,0.00229336,62.2490494
1600,15.4,0.0508,55.5,0.0271925,65.9983514
800,9.5,0.0254,71.3,0.00420654,63.3552264
5000,12.3,0.1016,39.6,0.0408268,13.9468716
5000,17.4,0.0254,31.7,0.0176631,38.8651049
8000,3.3,0.1016,31.7,0.00251435,37.3653841
1000,6.7,0.1016,71.3,0.00478288,88.7547531
2000,12.6,0.1524,39.6,0.0584113,16.3267477
1600,0,0.1524,71.3,0.0015988,69.8992209
5000,0,0.2286,31.7,0.0027238,45.5367352
2000,5.4,0.1524,31.7,0.00525474,51.5622092
200,11.2,0.0508,71.3,0.014072,59.9914909
315,9.9,0.1524,39.6,0.0233328,67.0486877
500,8.9,0.1016,71.3,0.0103088,93.4480283
250,11.2,0.0508,71.3,0.014072,63.0760231
1600,7.3,0.2286,71.3,0.0104404,59.425107
315,2,0.2286,39.6,0.00346574,44.558194
400,8.9,0.1016,71.3,0.0103088,92.3843965
5000,17.4,0.0254,39.6,0.0172206,43.8056745
2500,22.2,0.0254,71.3,0.0214178,60.4063073
800,4,0.2286,39.6,0.00473801,72.0318026
200,0,0.3048,39.6,0.00310138,39.2187625
6300,2.7,0.1524,71.3,0.00243851,49.3631505
4000,0,0.3048,39.6,0.00310138,42.1437498
630,19.7,0.0508,71.3,0.0341183,66.4370995
6300,0,0.1524,31.7,0.00209405,43.4945622
2500,7.2,0.1524,39.6,0.00909175,37.4877018
2500,4,0.2286,55.5,0.0042862,50.5331454
4000,22.2,0.0254,39.6,0.0229028,43.252586
2000,8.4,0.0508,55.5,0.00544854,78.873614
2000,0,0.1016,31.7,0.00150092,79.1687718
500,5.4,0.1524,31.7,0.00525474,69.936448
2000,4,0.2286,39.6,0.00473801,48.6053128
2000,0,0.1524,71.3,0.0015988,67.1869599
1250,6.7,0.1016,55.5,0.0052139,89.087138
500,3,0.3048,39.6,0.00495741,64.4879943
630,7.2,0.1524,71.3,0.00752039,83.6892068
2000,6.7,0.1016,39.6,0.00578076,50.1369426
3150,12.7,0.0254,39.6,0.0130253,65.0596963
1250,7.3,0.2286,71.3,0.0104404,63.7594065
2500,9.9,0.1524,55.5,0.0208438,39.8463052
1000,9.5,0.0254,55.5,0.0043284,71.6675087
4000,4.8,0.0254,31.7,0.000930789,84.9522695
6300,0,0.1016,39.6,0.00146332,59.1671763
4000,1.5,0.3048,71.3,0.00336729,48.879198
200,19.7,0.0508,71.3,0.0341183,38.8890366
4000,0,0.1016,39.6,0.00146332,64.9373787
630,6.7,0.1016,55.5,0.0052139,78.8230914
6300,17.4,0.0254,55.5,0.0165706,30.5288909
630,6.7,0.1016,39.6,0.00578076,79.7059058
630,8.4,0.0508,31.7,0.00580776,59.7654692
2500,7.2,0.1524,71.3,0.00752039,55.7688728
1600,8.4,0.0508,55.5,0.00544854,78.8470232
1000,9.5,0.0254,39.6,0.00449821,71.77919
3150,8.4,0.0508,39.6,0.00566229,54.73715
250,9.5,0.0254,39.6,0.00449821,36.0145718
400,11.2,0.0508,39.6,0.0150478,72.5662776
3150,4,0.2286,31.7,0.00509068,44.8028293
12500,0,0.0254,31.7,0.000439472,68.0644561
4000,0,0.1524,71.3,0.0015988,67.7453666
1600,19.7,0.0508,39.6,0.036484,37.8227458
4000,4,0.2286,31.7,0.00509068,41.1598904
3150,2.7,0.1524,71.3,0.00243851,62.9510463
800,9.5,0.0254,55.5,0.0043284,65.68458
2500,0,0.0254,71.3,0.000400682,80.6419018
400,12.3,0.1016,39.6,0.0408268,66.1711915
1000,2,0.2286,55.5,0.00313525,68.1309331
800,2,0.2286,31.7,0.00372371,71.6010317
8000,0,0.0508,39.6,0.000791822,66.8439386
400,2,0.2286,71.3,0.00293031,57.7977504
500,17.4,0.0254,31.7,0.0176631,64.6049938
1600,9.5,0.0254,55.5,0.0043284,78.9267955
1250,4,0.3048,39.6,0.00579636,61.0604409
2500,5.4,0.1524,31.7,0.00525474,41.9363416
2500,7.3,0.2286,71.3,0.0104404,49.7460579
630,7.3,0.2286,71.3,0.0104404,80.8041056
5000,4,0.2286,55.5,0.0042862,44.2843088
2500,4.2,0.0508,71.3,0.00142788,76.0443534
200,17.4,0.0254,55.5,0.0165706,17.4728109
5000,12.3,0.1016,71.3,0.0337792,33.8447629
250,22.2,0.0254,39.6,0.0229028,37.2430665
1000,4,0.3048,39.6,0.00579636,67.3890499
800,15.4,0.0508,31.7,0.0289853,58.9650863
630,0,0.1016,55.5,0.00131983,60.6004201
2000,4,0.3048,71.3,0.00497773,55.8805542
2000,4,0.2286,55.5,0.0042862,55.505624
1600,7.3,0.2286,55.5,0.0111706,53.1124525
4000,9.5,0.0254,39.6,0.00449821,65.1049007
400,2,0.2286,39.6,0.00346574,49.9029436
6300,17.4,0.0254,71.3,0.016104,43.9705374
500,4.8,0.0254,31.7,0.000930789,33.8979445
1000,22.2,0.0254,39.6,0.0229028,66.5727125
5000,0,0.1016,39.6,0.00146332,60.2042173
6300,12.3,0.1016,71.3,0.0337792,28.1277422
6300,5.4,0.1524,55.5,0.00433288,36.9798176
315,11.2,0.0508,39.6,0.0150478,68.0990241
2000,4,0.2286,71.3,0.00400603,60.7280559
6300,0,0.2286,71.3,0.00214345,49.6290584
10000,0,0.1016,71.3,0.00121072,52.9821576
1000,4,0.2286,39.6,0.00473801,70.7022629
630,4,0.3048,71.3,0.00497773,75.0791076
800,8.9,0.1016,71.3,0.0103088,91.5600819
1250,19.7,0.0508,39.6,0.036484,40.5615976
1000,15.6,0.1016,39.6,0.0528487,42.1304544
1250,2.7,0.1524,71.3,0.00243851,71.1676018
1600,0,0.2286,71.3,0.00214345,68.4819316
5000,0,0.0508,31.7,0.000812164,79.3735209
800,2.7,0.1524,39.6,0.00294804,67.6709123
4000,7.3,0.2286,71.3,0.0104404,42.0879092
3150,15.4,0.0508,71.3,0.0264269,59.390539
5000,4.8,0.0254,39.6,0.000907475,85.2128593
1600,11.2,0.0508,71.3,0.014072,84.5879756
4000,7.2,0.1524,71.3,0.00752039,42.4468849
10000,0,0.0508,71.3,0.000740478,67.4342543
4000,12.6,0.1524,71.3,0.0483159,12.3753557
800,7.3,0.2286,31.7,0.0132672,52.726886
5000,3,0.3048,55.5,0.00452492,37.0383173
400,3,0.3048,31.7,0.00529514,58.5476108
630,9.5,0.0254,71.3,0.00420654,59.4197889
400,0,0.3048,31.7,0.00331266,57.6089558
3150,3.3,0.1016,55.5,0.002211,72.4572553
800,4,0.3048,39.6,0.00579636,72.7072088
630,7.2,0.1524,39.6,0.00909175,79.2884303
16000,0,0.2286,71.3,0.00214345,30.8559577
1600,12.6,0.1524,71.3,0.0483159,45.6138485
2000,0,0.3048,31.7,0.00331266,50.5092137
1600,0,0.0508,71.3,0.000740478,69.9337889
315,19.7,0.0508,71.3,0.0341183,47.4778632
2000,15.4,0.0508,55.5,0.0271925,62.9138192
1000,0,0.1016,39.6,0.00146332,72.8614354
2000,9.9,0.1524,55.5,0.0208438,42.8776558
4000,2,0.2286,31.7,0.00372371,45.5952349
2000,3,0.3048,55.5,0.00452492,52.3546148
3150,2,0.2286,39.6,0.00346574,48.5202223
10000,4.8,0.0254,39.6,0.000907475,60.3238759
6300,0,0.0508,39.6,0.000791822,75.8848087
4000,9.9,0.1524,39.6,0.0233328,23.6259207
2000,11.2,0.0508,71.3,0.014072,79.5889063
1600,15.4,0.0508,39.6,0.0282593,57.0718217
1250,0,0.0508,71.3,0.000740478,66.95562
10000,0,0.3048,31.7,0.00331266,12.989603
3150,7.2,0.1524,39.6,0.00909175,22.4373122
630,1.5,0.3048,39.6,0.00392107,66.2935092
1600,3,0.3048,71.3,0.00425727,61.5151435
800,5.3,0.2286,39.6,0.00614329,69.4312229
800,2,0.2286,71.3,0.00293031,66.0408966
2500,2,0.2286,31.7,0.00372371,47.9352248
1000,0,0.2286,31.7,0.0027238,72.3668466
800,0,0.0508,71.3,0.000740478,73.3374106
3150,9.9,0.1524,71.3,0.0193001,35.8151408
10000,0,0.1016,31.7,0.00150092,33.2730609
2500,17.4,0.0254,71.3,0.016104,62.1320499
630,0,0.3048,55.5,0.00283081,64.6581753
800,0,0.0508,55.5,0.00076193,55.7236685
630,6.7,0.1016,71.3,0.00478288,74.6350413
800,12.6,0.1524,71.3,0.0483159,52.3147286
8000,12.7,0.0254,39.6,0.0130253,45.8079613
1250,8.4,0.0508,39.6,0.00566229,73.988885
3150,0,0.0508,71.3,0.000740478,84.266227
800,0,0.1524,39.6,0.00193287,65.2086048
800,17.4,0.0254,39.6,0.0172206,84.9416332
250,8.9,0.1016,39.6,0.0124596,82.3250991
2000,7.3,0.2286,55.5,0.0111706,45.1352142
500,5.4,0.1524,71.3,0.00401199,60.9221687
200,12.3,0.1016,39.6,0.0408268,66.9157338
1250,4,0.2286,39.6,0.00473801,66.3679634
630,0,0.1524,39.6,0.00193287,55.9018268
10000,0,0.3048,71.3,0.00266337,31.938203
3150,4,0.2286,39.6,0.00473801,45.3080544
6300,12.3,0.1016,55.5,0.0368233,17.9328317
1250,0,0.3048,31.7,0.00331266,55.774191
8000,0,0.0508,31.7,0.000812164,61.7172335
6300,0,0.0508,31.7,0.000812164,71.6887813
200,12.3,0.1016,31.7,0.0418756,57.4547292
2500,0,0.1016,71.3,0.00121072,77.6850055
1600,3,0.3048,31.7,0.00529514,49.7460579
315,4,0.2286,31.7,0.00509068,53.7905177
250,4,0.3048,39.6,0.00579636,53.6150185
1000,11.2,0.0508,39.6,0.0150478,77.2462573
1000,2,0.2286,71.3,0.00293031,68.0086154
1250,3,0.3048,39.6,0.00495741,59.6218789
3150,11.2,0.0508,39.6,0.0150478,43.3164039
2000,7.2,0.1524,39.6,0.00909175,44.8001702
3150,19.7,0.0508,39.6,0.036484,25.5909804
250,0,0.3048,39.6,0.00310138,42.383067
2500,4,0.2286,71.3,0.00400603,55.7289866
1600,1.5,0.3048,71.3,0.00336729,61.8289148
800,0,0.2286,55.5,0.00229336,64.2167682
4000,15.4,0.0508,71.3,0.0264269,51.3069375
1250,15.6,0.1016,39.6,0.0528487,39.4447842
400,15.4,0.0508,39.6,0.0282593,58.4279522
1600,5.3,0.2286,39.6,0.00614329,52.3865238
500,0,0.2286,39.6,0.00253511,60.6668971
3150,19.7,0.0508,71.3,0.0341183,34.1558752
2000,3.3,0.1016,71.3,0.00202822,81.5114207
6300,0,0.0508,71.3,0.000740478,78.8682958
8000,0,0.0254,71.3,0.000400682,70.4310368
2500,2,0.2286,55.5,0.00313525,54.4632648
1600,7.3,0.2286,39.6,0.0123481,47.0098652
5000,5.3,0.2286,39.6,0.00614329,31.7254766
630,2,0.2286,39.6,0.00346574,63.9162922
315,15.6,0.1016,71.3,0.0437259,80.9104688
2500,17.4,0.0254,31.7,0.0176631,55.271625
8000,0,0.1524,55.5,0.00172668,49.2541282
2500,0,0.2286,55.5,0.00229336,61.5842795
400,5.4,0.1524,71.3,0.00401199,55.1519664
4000,0,0.0254,71.3,0.000400682,93.538437
2000,0,0.3048,55.5,0.00283081,61.7863696
500,9.9,0.1524,39.6,0.0233328,62.368708
4000,1.5,0.3048,39.6,0.00392107,38.1870396
1250,3,0.3048,55.5,0.00452492,63.6822932
500,0,0.1524,39.6,0.00193287,42.8989284
800,0,0.1524,55.5,0.00172668,62.0443003
400,4,0.2286,39.6,0.00473801,54.5084692
3150,5.3,0.2286,39.6,0.00614329,40.0483952
5000,3.3,0.1016,31.7,0.00251435,49.7301034
10000,2.7,0.1524,71.3,0.00243851,35.4827559
3150,12.3,0.1016,39.6,0.0408268,25.7265935
630,4.8,0.0254,39.6,0.000907475,40.7264605
3150,0,0.3048,31.7,0.00331266,41.8937964
1600,2,0.2286,55.5,0.00313525,62.1480044
6300,0,0.0254,39.6,0.000428464,88.9355705
1000,12.3,0.1016,71.3,0.0337792,65.2750818
2000,15.6,0.1016,71.3,0.0437259,43.8960832
4000,15.4,0.0508,55.5,0.0271925,46.6402531
4000,9.9,0.1524,55.5,0.0208438,25.4340947
1250,5.3,0.2286,71.3,0.0051942,79.7723828
200,9.5,0.0254,39.6,0.00449821,33.7543542
8000,1.5,0.3048,39.6,0.00392107,23.5886936
400,0,0.2286,31.7,0.0027238,53.8596538
3150,12.3,0.1016,31.7,0.0418756,18.4194432
6300,8.9,0.1016,39.6,0.0124596,25.8728428
315,9.9,0.1524,71.3,0.0193001,85.3006089
800,3,0.3048,31.7,0.00529514,67.3491637
8000,5.3,0.2286,71.3,0.0051942,30.632595
800,3,0.3048,71.3,0.00425727,69.4392001
1000,1.5,0.3048,71.3,0.00336729,60.127104
2500,3.3,0.1016,39.6,0.00245138,72.8880262
2500,7.3,0.2286,55.5,0.0111706,41.5188662
5000,12.6,0.1524,39.6,0.0584113,1.9943096
250,15.4,0.0508,71.3,0.0264269,57.0505491
800,8.4,0.0508,39.6,0.00566229,66.623235
8000,2.7,0.1524,71.3,0.00243851,45.6138485
315,15.4,0.0508,55.5,0.0271925,58.5263382
2500,5.3,0.2286,71.3,0.0051942,54.1388571
1250,9.9,0.1524,39.6,0.0233328,45.6696892
12500,0,0.2286,71.3,0.00214345,37.8759274
315,7.3,0.2286,39.6,0.0123481,76.499056
630,9.9,0.1524,71.3,0.0193001,70.4895365
8000,0,0.3048,31.7,0.00331266,18.9725317
2500,15.4,0.0508,31.7,0.0289853,44.0476507
6300,5.4,0.1524,31.7,0.00525474,32.4700189
2500,5.4,0.1524,55.5,0.00433288,55.0349669
6300,0,0.2286,39.6,0.00253511,37.4531337
3150,4.8,0.0254,31.7,0.000930789,82.1336453
1000,17.4,0.0254,71.3,0.016104,59.659106
800,5.4,0.1524,71.3,0.00401199,74.1909751
315,7.3,0.2286,55.5,0.0111706,87.4943495
400,7.3,0.2286,31.7,0.0132672,71.4999867
2000,5.4,0.1524,39.6,0.00485029,56.5506422
8000,0,0.3048,55.5,0.00283081,34.8233042
400,19.7,0.0508,71.3,0.0341183,54.4712421
3150,8.4,0.0508,55.5,0.00544854,66.5354854
1250,8.9,0.1016,39.6,0.0124596,64.6954025
2500,7.3,0.2286,39.6,0.0123481,35.0440078
800,6.7,0.1016,71.3,0.00478288,82.692052
800,7.3,0.2286,71.3,0.0104404,72.7736857
3150,17.4,0.0254,39.6,0.0172206,53.6708591
315,5.4,0.1524,31.7,0.00525474,59.4596751
6300,0,0.2286,55.5,0.00229336,39.9659638
4000,15.6,0.1016,39.6,0.0528487,8.5728721
3150,4,0.3048,71.3,0.00497773,48.9137661
1000,0,0.1016,55.5,0.00131983,70.2528785
1000,12.7,0.0254,39.6,0.0130253,73.3028426
1250,3,0.3048,71.3,0.00425727,64.4933124
315,9.5,0.0254,39.6,0.00449821,42.31659
3150,7.3,0.2286,39.6,0.0123481,29.0610791
2500,0,0.1524,31.7,0.00209405,59.7947191
10000,0,0.1524,39.6,0.00193287,31.9967027
3150,0,0.1524,39.6,0.00193287,59.0927221
2000,3,0.3048,31.7,0.00529514,44.4278991
2000,4.8,0.0254,55.5,0.000873218,57.6328875
10000,3.3,0.1016,39.6,0.00245138,31.7520674
630,2,0.2286,31.7,0.00372371,68.2771824
1250,0,0.1016,55.5,0.00131983,74.5871779
400,0,0.3048,39.6,0.00310138,56.981413
1000,12.7,0.0254,71.3,0.0121808,75.2998112
2500,0,0.0254,31.7,0.000439472,78.4880474
1000,4,0.2286,55.5,0.0042862,76.4591698
3150,4,0.2286,71.3,0.00400603,55.1173984
1600,0,0.0254,39.6,0.000428464,55.2450342
250,0,0.3048,31.7,0.00331266,40.4578935
250,12.7,0.0254,39.6,0.0130253,48.3074959
200,9.9,0.1524,55.5,0.0208438,75.9831946
2500,8.4,0.0508,39.6,0.00566229,64.043928
8000,17.4,0.0254,71.3,0.016104,32.137634
3150,3,0.3048,39.6,0.00495741,41.3274124
16000,0,0.1524,55.5,0.00172668,25.0565054
2000,4.2,0.0508,71.3,0.00142788,70.3805143
2000,0,0.0508,31.7,0.000812164,78.7885234
5000,4.2,0.0508,39.6,0.00152689,70.1917196
2000,0,0.0508,55.5,0.00076193,74.656314
400,0,0.2286,39.6,0.00253511,53.6735182
630,4,0.2286,71.3,0.00400603,68.2266599
1000,12.3,0.1016,39.6,0.0408268,50.6687585
1250,9.5,0.0254,55.5,0.0043284,76.6399872
500,15.6,0.1016,71.3,0.0437259,72.481187
5000,7.3,0.2286,71.3,0.0104404,31.6909086
10000,12.7,0.0254,71.3,0.0121808,29.3509187
8000,0,0.2286,71.3,0.00214345,38.9395591
2500,4.2,0.0508,39.6,0.00152689,81.0141729
10000,4,0.3048,71.3,0.00497773,20.0095727
315,4,0.3048,71.3,0.00497773,65.9318744
1600,5.4,0.1524,31.7,0.00525474,54.1946978
2000,1.5,0.3048,39.6,0.00392107,49.7806259
4000,4.2,0.0508,39.6,0.00152689,75.5896509
2500,0,0.0508,31.7,0.000812164,83.7344111
630,17.4,0.0254,55.5,0.0165706,50.6049406
4000,15.6,0.1016,71.3,0.0437259,26.3727498
315,0,0.2286,31.7,0.0027238,45.7760523
2500,8.9,0.1016,71.3,0.0103088,53.8277448
2000,2.7,0.1524,39.6,0.00294804,65.8361475
400,3,0.3048,39.6,0.00495741,58.7443827
400,15.6,0.1016,71.3,0.0437259,81.5752387
2500,17.4,0.0254,55.5,0.0165706,57.3058207
4000,7.3,0.2286,55.5,0.0111706,36.9718403
315,22.2,0.0254,71.3,0.0214178,33.177334
1250,2,0.2286,39.6,0.00346574,66.1499189
630,0,0.1524,31.7,0.00209405,60.1403994
315,8.9,0.1016,71.3,0.0103088,88.2894142
315,7.3,0.2286,71.3,0.0104404,96.8649454
1000,3.3,0.1016,55.5,0.002211,73.786795
4000,8.9,0.1016,39.6,0.0124596,34.1425798
3150,9.9,0.1524,39.6,0.0233328,26.9763608
4000,11.2,0.0508,39.6,0.0150478,32.2812242
10000,4,0.2286,71.3,0.00400603,25.8675247
200,9.9,0.1524,39.6,0.0233328,63.6450661
5000,15.4,0.0508,31.7,0.0289853,23.8652379
500,15.4,0.0508,31.7,0.0289853,54.0191986
3150,3.3,0.1016,31.7,0.00251435,66.1366235
1250,8.4,0.0508,55.5,0.00544854,76.7729412
1000,3,0.3048,39.6,0.00495741,66.2961683
3150,17.4,0.0254,31.7,0.0176631,53.4102694
1000,9.5,0.0254,31.7,0.00461377,74.3638152
2000,1.5,0.3048,71.3,0.00336729,61.8555056
1250,0,0.0508,31.7,0.000812164,68.8435664
2000,7.3,0.2286,31.7,0.0132672,31.7201585
4000,5.4,0.1524,31.7,0.00525474,34.0388757
500,0,0.3048,39.6,0.00310138,62.6984338
2500,0,0.1524,55.5,0.00172668,64.8363337
4000,9.9,0.1524,31.7,0.0252785,21.4827027
800,2,0.2286,39.6,0.00346574,68.2240009
5000,0,0.0508,55.5,0.00076193,82.8994602
8000,3.3,0.1016,39.6,0.00245138,39.1177174
1000,19.7,0.0508,71.3,0.0341183,49.2062648
200,17.4,0.0254,39.6,0.0172206,28.356423
800,2,0.2286,55.5,0.00313525,66.7748026
250,17.4,0.0254,55.5,0.0165706,18.9087138
800,9.9,0.1524,71.3,0.0193001,67.8038663
5000,9.9,0.1524,55.5,0.0208438,23.0941048
250,11.2,0.0508,39.6,0.0150478,61.2917808
3150,0,0.1524,55.5,0.00172668,64.8097429
2500,0,0.2286,31.7,0.0027238,53.3544287
1600,2.7,0.1524,71.3,0.00243851,72.4971415
2500,3.3,0.1016,71.3,0.00202822,81.1391496
800,2.7,0.1524,71.3,0.00243851,63.8551334
3150,15.4,0.0508,39.6,0.0282593,45.5580078
4000,12.7,0.0254,39.6,0.0130253,61.5763023
5000,5.4,0.1524,55.5,0.00433288,40.8886643
2500,4,0.3048,71.3,0.00497773,54.2319249
1250,0,0.2286,39.6,0.00253511,69.1759513
315,15.4,0.0508,71.3,0.0264269,60.6668971
2000,5.4,0.1524,71.3,0.00401199,73.7389316
4000,4.8,0.0254,39.6,0.000907475,84.0694552
1000,15.6,0.1016,71.3,0.0437259,55.9948946
6300,0,0.1016,31.7,0.00150092,55.5029649
400,9.5,0.0254,39.6,0.00449821,47.2624777
6300,3,0.3048,55.5,0.00452492,32.7040179
4000,4.8,0.0254,55.5,0.000873218,81.218922
5000,8.4,0.0508,71.3,0.00529514,47.2412051
1250,9.9,0.1524,71.3,0.0193001,51.3175739
500,3,0.3048,71.3,0.00425727,66.6737575
1000,3,0.3048,55.5,0.00452492,69.000452
800,4.8,0.0254,31.7,0.000930789,51.2351424
400,15.4,0.0508,71.3,0.0264269,62.2889356
1250,3.3,0.1016,55.5,0.002211,78.1476853
800,0,0.3048,71.3,0.00266337,60.6828516
630,12.6,0.1524,39.6,0.0584113,35.020076
1600,11.2,0.0508,39.6,0.0150478,61.5842795
800,0,0.1524,31.7,0.00209405,68.4367272
6300,7.2,0.1524,71.3,0.00752039,35.1610073
5000,3.3,0.1016,39.6,0.00245138,50.4985774
250,9.9,0.1524,39.6,0.0233328,66.3573271
2000,3,0.3048,39.6,0.00495741,45.6085303
5000,22.2,0.0254,71.3,0.0214178,59.4224479
2000,0,0.1016,71.3,0.00121072,76.3554657
800,6.7,0.1016,39.6,0.00578076,83.0829367
4000,2,0.2286,39.6,0.00346574,44.7975111
1600,9.5,0.0254,31.7,0.00461377,73.5395006
500,7.3,0.2286,55.5,0.0111706,79.2246124
630,3,0.3048,39.6,0.00495741,68.9020661
1250,22.2,0.0254,71.3,0.0214178,100
12500,4.2,0.0508,71.3,0.00142788,37.0888398
5000,7.2,0.1524,71.3,0.00752039,39.7878055
6300,2,0.2286,55.5,0.00313525,40.7690058
400,15.4,0.0508,55.5,0.0271925,61.4779163
5000,4,0.3048,71.3,0.00497773,38.3040391
12500,4,0.2286,71.3,0.00400603,28.925466
1600,15.6,0.1016,71.3,0.0437259,48.2569734
800,17.4,0.0254,71.3,0.016104,55.5641237
500,6.7,0.1016,55.5,0.0052139,69.0376792
8000,0,0.1016,55.5,0.00131983,56.0268035
2500,22.2,0.0254,39.6,0.0229028,47.6666578
630,9.5,0.0254,55.5,0.0043284,58.6912011
2000,4.8,0.0254,31.7,0.000930789,71.1782381
3150,0,0.1524,71.3,0.0015988,69.1280879
400,4,0.2286,55.5,0.0042862,52.8997261
1600,15.4,0.0508,31.7,0.0289853,48.142633
1600,0,0.3048,39.6,0.00310138,54.9605127
4000,12.3,0.1016,39.6,0.0408268,20.0095727
3150,2.7,0.1524,39.6,0.00294804,51.9557529
2500,4.8,0.0254,39.6,0.000907475,74.0713165
630,11.2,0.0508,39.6,0.0150478,79.1076129
1250,0,0.1016,71.3,0.00121072,71.6754859
4000,0,0.3048,71.3,0.00266337,52.3333422
4000,4,0.3048,71.3,0.00497773,42.9574281
2500,7.3,0.2286,31.7,0.0132672,30.1247108
6300,5.3,0.2286,71.3,0.0051942,36.0039354
2000,15.4,0.0508,71.3,0.0264269,68.8834525
5000,3.3,0.1016,71.3,0.00202822,62.9510463
1600,12.3,0.1016,39.6,0.0408268,38.5433563
5000,22.2,0.0254,39.6,0.0229028,41.04555
500,2,0.2286,31.7,0.00372371,61.9485734
2500,8.4,0.0508,55.5,0.00544854,74.8849948
6300,2,0.2286,39.6,0.00346574,34.6664185
315,2,0.2286,31.7,0.00372371,44.5847847
12500,0,0.1524,71.3,0.0015988,36.4480017
3150,17.4,0.0254,55.5,0.0165706,55.0987848
500,7.3,0.2286,39.6,0.0123481,71.5797591
5000,2.7,0.1524,39.6,0.00294804,48.1798601
2000,17.4,0.0254,39.6,0.0172206,61.8608238
1600,0,0.0508,31.7,0.000812164,73.4703646
800,6.7,0.1016,31.7,0.00592927,78.4587976
2500,4,0.2286,39.6,0.00473801,43.2605632
800,5.4,0.1524,31.7,0.00525474,74.7493818
800,1.5,0.3048,39.6,0.00392107,67.6762305
8000,0,0.1016,31.7,0.00150092,44.7071024
1000,0,0.1524,71.3,0.0015988,63.6237934
5000,2,0.2286,31.7,0.00372371,39.5857154
1000,8.4,0.0508,39.6,0.00566229,71.3032148
6300,3,0.3048,39.6,0.00495741,28.3511048
4000,9.5,0.0254,31.7,0.00461377,62.1054591
500,9.9,0.1524,31.7,0.0252785,63.2834313
12500,0,0.0508,71.3,0.000740478,58.0742947
400,4,0.3048,71.3,0.00497773,69.6545856
500,4,0.2286,39.6,0.00473801,62.9111602
1000,3.3,0.1016,71.3,0.00202822,74.5978142
1000,15.4,0.0508,39.6,0.0282593,65.182014
800,12.3,0.1016,71.3,0.0337792,63.6530433
800,15.4,0.0508,71.3,0.0264269,74.8131997
8000,4,0.3048,71.3,0.00497773,27.3486319
4000,17.4,0.0254,71.3,0.016104,59.0475177
12500,0,0.3048,71.3,0.00266337,23.5621028
2500,9.9,0.1524,71.3,0.0193001,43.2339724
1600,8.4,0.0508,71.3,0.00529514,81.0115138
630,0,0.1524,55.5,0.00172668,53.7213817
4000,17.4,0.0254,31.7,0.0176631,49.5014226
12500,2.7,0.1524,71.3,0.00243851,25.6707528
4000,2.7,0.1524,71.3,0.00243851,61.568325
1600,12.3,0.1016,31.7,0.0418756,29.5078044
1600,22.2,0.0254,39.6,0.0229028,50.0864201
1600,7.3,0.2286,31.7,0.0132672,41.6385247
1250,0,0.0254,31.7,0.000439472,65.3256043
5000,0,0.2286,71.3,0.00214345,55.6385779
1000,0,0.0508,71.3,0.000740478,69.3222007
400,12.6,0.1524,71.3,0.0483159,63.0574095
1250,7.3,0.2286,39.6,0.0123481,52.6737044
4000,5.3,0.2286,39.6,0.00614329,33.0284256
12500,0,0.0508,31.7,0.000812164,41.7209562
1600,9.5,0.0254,39.6,0.00449821,73.9330444
5000,4,0.2286,31.7,0.00509068,33.4751509
2500,0,0.1016,31.7,0.00150092,76.1108304
2500,3.3,0.1016,31.7,0.00251435,71.8270535
6300,1.5,0.3048,71.3,0.00336729,39.2001489
8000,0,0.1524,31.7,0.00209405,38.7614008
4000,0,0.0508,71.3,0.000740478,82.5644162
3150,7.2,0.1524,71.3,0.00752039,35.6396416
1000,7.2,0.1524,71.3,0.00752039,82.1469407
630,12.7,0.0254,39.6,0.0130253,67.7719573
1600,0,0.1016,39.6,0.00146332,79.4559523
2500,12.3,0.1016,71.3,0.0337792,47.6985668
3150,9.5,0.0254,55.5,0.0043284,79.4320206
8000,0,0.0254,55.5,0.00041229,87.1726008
4000,9.9,0.1524,71.3,0.0193001,31.1085702
3150,9.5,0.0254,31.7,0.00461377,66.8918021
800,15.4,0.0508,39.6,0.0282593,66.5913261
400,12.7,0.0254,39.6,0.0130253,58.8906321
630,8.4,0.0508,39.6,0.00566229,60.2680352
500,11.2,0.0508,39.6,0.0150478,75.99649
2500,12.6,0.1524,71.3,0.0483159,31.5207275
2500,0,0.0254,39.6,0.000428464,75.6667642
1250,5.3,0.2286,39.6,0.00614329,59.4064935
6300,3.3,0.1016,39.6,0.00245138,46.4567767
1250,17.4,0.0254,71.3,0.016104,61.0950089
2500,0,0.0508,71.3,0.000740478,74.2680884
1000,0,0.2286,55.5,0.00229336,66.2376685
400,8.4,0.0508,55.5,0.00544854,48.4005637
315,11.2,0.0508,71.3,0.014072,66.4796447
250,7.3,0.2286,39.6,0.0123481,75.8076954
12500,1.5,0.3048,71.3,0.00336729,15.534342
1250,12.3,0.1016,39.6,0.0408268,47.2917276
1600,8.9,0.1016,39.6,0.0124596,54.3515835
3150,1.5,0.3048,71.3,0.00336729,53.2134975
8000,7.2,0.1524,39.6,0.00909175,21.8257239
400,7.3,0.2286,55.5,0.0111706,86.5370809
5000,5.4,0.1524,39.6,0.00485029,36.3150477
315,17.4,0.0254,55.5,0.0165706,22.6846066
500,22.2,0.0254,71.3,0.0214178,38.7879916
3150,4.8,0.0254,39.6,0.000907475,79.9212912
6300,4.8,0.0254,39.6,0.000907475,82.3144627
1600,5.4,0.1524,55.5,0.00433288,72.2923924
1250,11.2,0.0508,71.3,0.014072,87.2470551
3150,12.6,0.1524,39.6,0.0584113,7.6581487
3150,22.2,0.0254,39.6,0.0229028,46.4700721
200,12.3,0.1016,71.3,0.0337792,72.348233
12500,0,0.0254,39.6,0.000428464,68.4340681
250,8.9,0.1016,71.3,0.0103088,82.8383014
1000,4.8,0.0254,39.6,0.000907475,52.0541389
1000,2,0.2286,39.6,0.00346574,68.5164996
4000,0,0.1016,71.3,0.00121072,73.2709336
1250,4.8,0.0254,39.6,0.000907475,57.5584333
6300,0,0.0508,55.5,0.00076193,78.2194804
400,5.3,0.2286,71.3,0.0051942,64.6688117
6300,7.3,0.2286,39.6,0.0123481,19.8340734
500,17.4,0.0254,39.6,0.0172206,37.5834286
5000,0,0.3048,71.3,0.00266337,47.6533624
2000,3.3,0.1016,31.7,0.00251435,75.1509028
315,7.2,0.1524,71.3,0.00752039,67.3624591
1600,3.3,0.1016,55.5,0.002211,80.4876752
6300,12.7,0.0254,39.6,0.0130253,52.6417954
3150,8.9,0.1016,39.6,0.0124596,42.4654984
6300,9.9,0.1524,55.5,0.0208438,19.0788949
2000,8.4,0.0508,39.6,0.00566229,70.6916266
5000,0,0.0508,71.3,0.000740478,82.5644162
500,8.4,0.0508,39.6,0.00566229,51.9185258
4000,0,0.0508,39.6,0.000791822,84.8990879
400,2,0.2286,31.7,0.00372371,53.2799745
800,9.9,0.1524,31.7,0.0252785,58.922541
3150,12.3,0.1016,71.3,0.0337792,46.3158455
1250,4,0.2286,31.7,0.00509068,65.7829659
1000,5.3,0.2286,71.3,0.0051942,81.421012
1600,7.2,0.1524,71.3,0.00752039,73.1592523
1250,6.7,0.1016,31.7,0.00592927,68.8063392
1250,5.4,0.1524,71.3,0.00401199,81.7161699
6300,4.8,0.0254,71.3,0.000848633,82.7452336
6300,4,0.2286,31.7,0.00509068,24.7799612
630,15.4,0.0508,31.7,0.0289853,56.6516872
200,15.4,0.0508,39.6,0.0282593,48.9350387
1250,4.8,0.0254,31.7,0.000930789,63.8923605
3150,22.2,0.0254,71.3,0.0214178,55.1679209
2500,3,0.3048,31.7,0.00529514,43.1249501
2000,0,0.0508,39.6,0.000791822,78.5438881
500,15.6,0.1016,39.6,0.0528487,31.7068631
2500,0,0.3048,55.5,0.00283081,55.1120802
2000,12.7,0.0254,39.6,0.0130253,69.6333129
1250,5.4,0.1524,31.7,0.00525474,54.8062861
4000,0,0.0508,55.5,0.00076193,83.9365012
3150,4,0.3048,39.6,0.00579636,40.8514372
315,0,0.2286,55.5,0.00229336,42.9707235
250,15.6,0.1016,39.6,0.0528487,56.5426649
2500,19.7,0.0508,71.3,0.0341183,39.8994868
6300,12.7,0.0254,71.3,0.0121808,58.5476108
1000,3.3,0.1016,39.6,0.00245138,76.0257399
4000,9.5,0.0254,55.5,0.0043284,74.991358
3150,3.3,0.1016,71.3,0.00202822,76.4059882
1250,0,0.1016,31.7,0.00150092,78.9294546
1250,2,0.2286,71.3,0.00293031,67.6363443
500,2,0.2286,71.3,0.00293031,61.4406892
8000,4.2,0.0508,39.6,0.00152689,45.2495546
1600,9.9,0.1524,31.7,0.0252785,36.5330922
3150,0,0.0508,31.7,0.000812164,85.3830404
1250,0,0.2286,55.5,0.00229336,65.2272183
1600,3,0.3048,39.6,0.00495741,51.591459
6300,0,0.3048,55.5,0.00283081,38.8119233
8000,0,0.0508,71.3,0.000740478,73.151275
500,12.7,0.0254,39.6,0.0130253,63.1451591
4000,4.2,0.0508,71.3,0.00142788,80.3520621
315,22.2,0.0254,39.6,0.0229028,46.0978009
200,12.6,0.1524,71.3,0.0483159,66.4078496
1000,7.3,0.2286,55.5,0.0111706,58.0051586
400,7.2,0.1524,39.6,0.00909175,76.4166246
1000,9.9,0.1524,71.3,0.0193001,61.0763954
2000,9.5,0.0254,55.5,0.0043284,81.5592842
400,8.9,0.1016,39.6,0.0124596,85.5159944
2000,2.7,0.1524,71.3,0.00243851,71.0878294
1000,0,0.1016,31.7,0.00150092,74.2760656
2500,3,0.3048,55.5,0.00452492,50.6793948
5000,4.8,0.0254,55.5,0.000873218,85.3670859
500,5.4,0.1524,55.5,0.00433288,69.1014971
6300,3,0.3048,71.3,0.00425727,33.913899
4000,0,0.3048,31.7,0.00331266,39.2613077
6300,9.5,0.0254,55.5,0.0043284,55.4205334
2000,3.3,0.1016,55.5,0.002211,80.4876752
1250,15.4,0.0508,55.5,0.0271925,70.7846943
400,8.4,0.0508,31.7,0.00580776,44.3959901
1600,2.7,0.1524,39.6,0.00294804,70.9149892
1600,8.4,0.0508,31.7,0.00580776,68.9127024
315,15.6,0.1016,39.6,0.0528487,51.5170048
800,0,0.1016,55.5,0.00131983,65.2538091
12500,0,0.1016,71.3,0.00121072,42.5319754
500,12.3,0.1016,55.5,0.0368233,80.8200601
4000,0,0.1016,31.7,0.00150092,62.6292977
6300,7.3,0.2286,71.3,0.0104404,33.0736299
3150,0,0.0254,71.3,0.000400682,89.4168639
630,12.7,0.0254,71.3,0.0121808,67.8012072
400,12.6,0.1524,39.6,0.0584113,33.3182652
200,12.3,0.1016,55.5,0.0368233,76.9112133
4000,7.3,0.2286,31.7,0.0132672,24.6204164
5000,1.5,0.3048,39.6,0.00392107,34.1984205
3150,9.9,0.1524,55.5,0.0208438,31.1245247
630,9.9,0.1524,55.5,0.0208438,63.6450661
630,7.3,0.2286,39.6,0.0123481,67.9368203
2500,2,0.2286,39.6,0.00346574,47.908634
800,12.3,0.1016,39.6,0.0408268,50.3496689
2000,4,0.3048,39.6,0.00579636,46.7545936
3150,5.3,0.2286,71.3,0.0051942,52.4902279
250,19.7,0.0508,39.6,0.036484,63.4030899
3150,0,0.3048,39.6,0.00310138,45.0421464
3150,4.8,0.0254,71.3,0.000848633,79.7670646
500,3,0.3048,31.7,0.00529514,64.2646316
20000,4.8,0.0254,71.3,0.000848633,43.4174489
315,9.9,0.1524,55.5,0.0208438,77.0468264
6300,9.5,0.0254,39.6,0.00449821,45.0554418
1600,12.3,0.1016,71.3,0.0337792,56.8192092
2500,15.6,0.1016,71.3,0.0437259,41.5295025
4000,0,0.2286,39.6,0.00253511,53.4076103
1600,4.8,0.0254,55.5,0.000873218,48.1133831
500,12.7,0.0254,71.3,0.0121808,62.53623
4000,0,0.2286,55.5,0.00229336,53.2613609
5000,7.3,0.2286,39.6,0.0123481,22.8122424
4000,0,0.1524,55.5,0.00172668,63.4270216
1250,3.3,0.1016,71.3,0.00202822,76.9112133
630,8.9,0.1016,39.6,0.0124596,75.8901268
2000,6.7,0.1016,31.7,0.00592927,45.3798495
1250,4,0.3048,71.3,0.00497773,69.1759513
6300,0,0.2286,31.7,0.0027238,35.7247321
6300,4,0.3048,71.3,0.00497773,33.9963305
1000,5.4,0.1524,39.6,0.00485029,72.1328476
2000,3,0.3048,71.3,0.00425727,58.8826548
3150,4,0.2286,55.5,0.0042862,50.5597362
10000,0,0.1016,39.6,0.00146332,43.0265642
315,12.7,0.0254,39.6,0.0130253,53.599064
2000,2,0.2286,71.3,0.00293031,62.5309118
4000,5.3,0.2286,71.3,0.0051942,45.0713963
3150,5.4,0.1524,31.7,0.00525474,39.6495333
6300,0,0.0254,71.3,0.000400682,84.0455234
315,0,0.3048,31.7,0.00331266,51.5462547
5000,0,0.0254,71.3,0.000400682,88.9648204
1250,2,0.2286,31.7,0.00372371,67.2667323
4000,8.4,0.0508,55.5,0.00544854,51.1394155
10000,0,0.3048,39.6,0.00310138,23.2908767
800,3,0.3048,55.5,0.00452492,70.6490813
1250,17.4,0.0254,55.5,0.0165706,68.9259978
2500,12.3,0.1016,39.6,0.0408268,26.4179541
5000,0,0.3048,31.7,0.00331266,32.6136092
500,9.5,0.0254,39.6,0.00449821,54.5483554
800,7.3,0.2286,39.6,0.0123481,60.9434414
400,1.5,0.3048,39.6,0.00392107,54.8328769
4000,12.3,0.1016,31.7,0.0418756,13.3671923
3150,2,0.2286,71.3,0.00293031,60.4568298
3150,5.4,0.1524,71.3,0.00401199,52.9981121
5000,9.9,0.1524,31.7,0.0252785,17.4674928
1600,0,0.1524,31.7,0.00209405,72.9571622
1250,15.6,0.1016,71.3,0.0437259,52.6444545
5000,4.8,0.0254,71.3,0.000848633,85.3245406
16000,0,0.0254,71.3,0.000400682,72.0530752
1250,9.5,0.0254,31.7,0.00461377,74.6297232
4000,17.4,0.0254,39.6,0.0172206,51.4372324
315,15.4,0.0508,31.7,0.0289853,51.758981
16000,4.8,0.0254,55.5,0.000873218,55.8778951
1250,12.7,0.0254,39.6,0.0130253,72.8507991
5000,17.4,0.0254,71.3,0.016104,52.5061824
500,5.3,0.2286,39.6,0.00614329,76.7702821
400,3,0.3048,71.3,0.00425727,64.3071769
1250,0,0.1524,31.7,0.00209405,74.6855639
3150,4.8,0.0254,55.5,0.000873218,77.0441673
1250,12.6,0.1524,71.3,0.0483159,44.6033983
1000,0,0.0508,55.5,0.00076193,59.0475177
250,12.6,0.1524,71.3,0.0483159,70.10397
315,17.4,0.0254,31.7,0.0176631,39.9819183
4000,4,0.3048,39.6,0.00579636,33.1932885
200,15.6,0.1016,39.6,0.0528487,53.5379052
2500,6.7,0.1016,55.5,0.0052139,55.5561465
1600,4.8,0.0254,39.6,0.000907475,60.0579679
2000,8.4,0.0508,31.7,0.00580776,64.6315845
2000,6.7,0.1016,71.3,0.00478288,82.9313692
2000,4.2,0.0508,39.6,0.00152689,77.6637328
5000,2,0.2286,55.5,0.00313525,45.4489856
2000,6.7,0.1016,55.5,0.0052139,69.8619938
5000,8.9,0.1016,71.3,0.0103088,35.4800968
4000,15.4,0.0508,39.6,0.0282593,39.1762172
5000,15.4,0.0508,71.3,0.0264269,41.8937964
800,0,0.1016,31.7,0.00150092,68.2665461
4000,12.3,0.1016,55.5,0.0368233,29.3136916
2000,2,0.2286,31.7,0.00372371,52.2695243
6300,0,0.1016,55.5,0.00131983,64.748584
630,22.2,0.0254,39.6,0.0229028,89.4673864
3150,1.5,0.3048,39.6,0.00392107,41.8299785
1000,0,0.3048,39.6,0.00310138,65.1979685
500,2,0.2286,39.6,0.00346574,57.9067727
10000,4.8,0.0254,55.5,0.000873218,62.6585476
1250,15.4,0.0508,31.7,0.0289853,52.8492036
5000,3,0.3048,39.6,0.00495741,33.0044938
2000,0,0.2286,55.5,0.00229336,61.5842795
2000,12.3,0.1016,55.5,0.0368233,40.375462
1250,2,0.2286,55.5,0.00313525,67.492754
800,4,0.2286,31.7,0.00509068,73.0954344
2500,0,0.3048,31.7,0.00331266,46.201505
1250,0,0.0508,39.6,0.000791822,68.5191587
2000,9.9,0.1524,39.6,0.0233328,38.6763103
2000,5.3,0.2286,71.3,0.0051942,59.8558779
1250,7.2,0.1524,71.3,0.00752039,77.4669609
4000,3,0.3048,31.7,0.00529514,32.5152232
2500,15.6,0.1016,39.6,0.0528487,18.3051028
800,17.4,0.0254,55.5,0.0165706,52.4131146
2500,11.2,0.0508,71.3,0.014072,72.2232563
800,12.7,0.0254,71.3,0.0121808,71.710054
1600,17.4,0.0254,31.7,0.0176631,62.3979578
1250,0,0.3048,39.6,0.00310138,58.8161778
1250,0,0.2286,71.3,0.00214345,65.8494429
400,17.4,0.0254,55.5,0.0165706,32.1243386
1250,15.4,0.0508,71.3,0.0264269,73.0316165
1000,9.5,0.0254,71.3,0.00420654,69.6040631
4000,12.7,0.0254,71.3,0.0121808,75.5923099
10000,0,0.0508,39.6,0.000791822,60.1430585
8000,0,0.1016,39.6,0.00146332,50.418805
12500,4,0.3048,71.3,0.00497773,10.7027947
2000,19.7,0.0508,71.3,0.0341183,44.3401494
2500,0,0.1016,55.5,0.00131983,78.8682958
200,7.3,0.2286,55.5,0.0111706,84.7023161
630,0,0.2286,31.7,0.0027238,69.3620868
6300,5.4,0.1524,39.6,0.00485029,35.3577791
4000,0,0.0508,31.7,0.000812164,81.7135108
10000,3.3,0.1016,71.3,0.00202822,35.4029835
400,5.3,0.2286,39.6,0.00614329,74.0314303
3150,3,0.3048,55.5,0.00452492,44.6964661
500,6.7,0.1016,39.6,0.00578076,73.3241152
630,8.4,0.0508,55.5,0.00544854,60.5525567
1600,5.3,0.2286,71.3,0.0051942,72.0078709
5000,7.2,0.1524,39.6,0.00909175,26.346159
500,5.4,0.1524,39.6,0.00485029,70.6171723
1000,4,0.2286,31.7,0.00509068,70.4363549
2500,4.8,0.0254,55.5,0.000873218,68.5085223
6300,0,0.3048,39.6,0.00310138,34.1665116
6300,5.3,0.2286,39.6,0.00614329,24.3598266
12500,0,0.0254,71.3,0.000400682,79.3123621
1000,0,0.3048,55.5,0.00283081,62.7170474
315,9.5,0.0254,31.7,0.00461377,51.5489138
1600,3.3,0.1016,31.7,0.00251435,79.8308825
400,3,0.3048,55.5,0.00452492,60.5711703
12500,0,0.0254,55.5,0.00041229,74.6483367
3150,3.3,0.1016,39.6,0.00245138,66.5328263
400,15.6,0.1016,39.6,0.0528487,45.4808945
1000,6.7,0.1016,55.5,0.0052139,90.0178158
1000,3.3,0.1016,31.7,0.00251435,78.7938416
4000,0,0.0254,39.6,0.000428464,85.000133
2500,12.6,0.1524,39.6,0.0584113,9.306778
2000,2,0.2286,55.5,0.00313525,56.4575744
3150,15.4,0.0508,31.7,0.0289853,38.9953998
2500,0,0.0508,39.6,0.000791822,83.9152285
6300,3,0.3048,31.7,0.00529514,16.8532454
1000,15.4,0.0508,31.7,0.0289853,56.2262345
1600,17.4,0.0254,55.5,0.0165706,61.400803
10000,3,0.3048,55.5,0.00452492,23.3706491
5000,0,0.1524,55.5,0.00172668,58.0290903
1600,4,0.3048,71.3,0.00497773,61.8634829
800,0,0.3048,39.6,0.00310138,68.3888638
500,12.3,0.1016,71.3,0.0337792,97.7956232
250,12.6,0.1524,39.6,0.0584113,33.2650836
500,0,0.1524,55.5,0.00172668,45.7175526
1250,0,0.1524,39.6,0.00193287,73.5049326
8000,2,0.2286,71.3,0.00293031,33.546946
3150,17.4,0.0254,71.3,0.016104,61.5736432
6300,0,0.1524,71.3,0.0015988,58.6247241
200,22.2,0.0254,39.6,0.0229028,33.7330816
6300,0,0.1524,39.6,0.00193287,47.6852714
500,4.8,0.0254,39.6,0.000907475,34.5308054
6300,4,0.2286,55.5,0.0042862,36.62616
2000,8.9,0.1016,39.6,0.0124596,41.6411838
5000,0,0.2286,55.5,0.00229336,50.6022815
1600,12.6,0.1524,39.6,0.0584113,19.6771878
1250,0,0.1524,55.5,0.00172668,70.6597176
315,17.4,0.0254,71.3,0.016104,33.1480841
630,15.4,0.0508,39.6,0.0282593,63.9854282
4000,0,0.0254,31.7,0.000439472,89.5232271
1000,17.4,0.0254,31.7,0.0176631,75.560401
2000,9.5,0.0254,39.6,0.00449821,74.1723615
8000,22.2,0.0254,71.3,0.0214178,48.5999947
1000,12.3,0.1016,31.7,0.0418756,43.6009254
4000,3.3,0.1016,31.7,0.00251435,57.0957535
1000,22.2,0.0254,71.3,0.0214178,82.0778047
4000,0,0.0254,55.5,0.00041229,79.3549073
250,7.3,0.2286,55.5,0.0111706,87.7602574
400,2,0.2286,55.5,0.00313525,50.2885101
8000,3,0.3048,71.3,0.00425727,29.9252799
2500,8.4,0.0508,71.3,0.00529514,82.021964
200,17.4,0.0254,71.3,0.016104,24.2667588
10000,0,0.0508,31.7,0.000812164,50.7086447
5000,0,0.1524,31.7,0.00209405,50.5677135
1600,3,0.3048,55.5,0.00452492,55.9975536
1250,8.9,0.1016,71.3,0.0103088,78.2115032
4000,5.4,0.1524,71.3,0.00401199,47.9990427
20000,0,0.0254,55.5,0.00041229,49.3339006
1250,12.3,0.1016,55.5,0.0368233,55.3992608
5000,5.3,0.2286,71.3,0.0051942,39.0086952
8000,1.5,0.3048,71.3,0.00336729,31.8876805
8000,4,0.2286,55.5,0.0042862,24.3146223
2000,12.7,0.0254,71.3,0.0121808,82.0272822
500,12.3,0.1016,31.7,0.0418756,40.6493472
1250,3.3,0.1016,31.7,0.00251435,81.4795118
8000,0,0.1524,39.6,0.00193287,45.664371
6300,7.3,0.2286,55.5,0.0111706,21.6821336
630,4,0.2286,31.7,0.00509068,71.7127131
500,19.7,0.0508,39.6,0.036484,66.6471668
1250,6.7,0.1016,71.3,0.00478288,91.1479246
2000,12.3,0.1016,39.6,0.0408268,28.4654453
1000,4,0.3048,71.3,0.00497773,73.48366
16000,4.8,0.0254,71.3,0.000848633,55.3833063
2500,0,0.3048,39.6,0.00310138,47.9139522
6300,9.5,0.0254,31.7,0.00461377,46.1243917
1000,9.9,0.1524,55.5,0.0208438,56.5985056
200,11.2,0.0508,39.6,0.0150478,57.515888
2000,0,0.2286,71.3,0.00214345,66.1153509
8000,4,0.2286,71.3,0.00400603,25.176164
5000,15.4,0.0508,55.5,0.0271925,36.5091605
500,12.6,0.1524,71.3,0.0483159,48.6186082
630,12.6,0.1524,71.3,0.0483159,52.9794985
1000,8.4,0.0508,55.5,0.00544854,72.7045497
1600,15.4,0.0508,71.3,0.0264269,70.9575345
630,5.4,0.1524,71.3,0.00401199,68.0485016
500,17.4,0.0254,71.3,0.016104,43.6780387
2000,12.3,0.1016,31.7,0.0418756,18.7917143
800,8.4,0.0508,31.7,0.00580776,66.120669
2500,4.8,0.0254,71.3,0.000848633,72.9864121
630,15.6,0.1016,71.3,0.0437259,50.2778738
315,3,0.3048,39.6,0.00495741,53.0007711
400,9.5,0.0254,55.5,0.0043284,46.7253437
2500,5.4,0.1524,39.6,0.00485029,45.5154625
400,19.7,0.0508,39.6,0.036484,72.4173691
400,22.2,0.0254,39.6,0.0229028,53.2773154
630,3,0.3048,31.7,0.00529514,67.3225729
10000,0,0.0254,55.5,0.00041229,82.9180738
10000,1.5,0.3048,39.6,0.00392107,14.9200947
1600,9.5,0.0254,71.3,0.00420654,80.7721967
3150,9.9,0.1524,31.7,0.0252785,23.4770123
6300,9.5,0.0254,71.3,0.00420654,63.4615896
1600,0,0.2286,39.6,0.00253511,63.0600686
630,3,0.3048,55.5,0.00452492,69.6386311
3150,12.6,0.1524,71.3,0.0483159,26.4684766
250,15.4,0.0508,55.5,0.0271925,55.2822613
1000,7.3,0.2286,71.3,0.0104404,62.3766852
800,0,0.0508,31.7,0.000812164,51.6127317
630,6.7,0.1016,31.7,0.00592927,76.4113064
12500,0,0.0508,39.6,0.000791822,54.7983088
2500,4,0.2286,31.7,0.00509068,44.7496477
800,3.3,0.1016,71.3,0.00202822,73.6405456
4000,19.7,0.0508,39.6,0.036484,14.1037573
2500,4.8,0.0254,31.7,0.000930789,77.6663919
800,12.6,0.1524,39.6,0.0584113,35.0466668
2000,11.2,0.0508,39.6,0.0150478,55.9470311
1000,0,0.3048,71.3,0.00266337,58.0237722
1250,0,0.3048,71.3,0.00266337,60.0180817
2000,0,0.3048,71.3,0.00266337,64.0332917
2500,0,0.3048,71.3,0.00266337,59.0076316
6300,0,0.3048,71.3,0.00266337,42.9733826
500,0,0.3048,55.5,0.00283081,61.2545537
1250,0,0.3048,55.5,0.00283081,60.3770575
1600,0,0.3048,55.5,0.00283081,62.7702289
3150,0,0.3048,55.5,0.00283081,52.7986811
10000,0,0.3048,55.5,0.00283081,25.7824341
315,0,0.3048,39.6,0.00310138,51.5834818
630,0,0.3048,39.6,0.00310138,67.1390964
8000,0,0.3048,39.6,0.00310138,30.3108464
12500,0,0.3048,39.6,0.00310138,16.5899965
500,0,0.3048,31.7,0.00331266,63.6450661
630,0,0.3048,31.7,0.00331266,68.3782275
800,0,0.3048,31.7,0.00331266,68.7504986
1000,0,0.3048,31.7,0.00331266,63.77802
800,1.5,0.3048,71.3,0.00336729,63.1318637
315,1.5,0.3048,39.6,0.00392107,49.1158561
500,1.5,0.3048,39.6,0.00392107,61.9060281
1000,1.5,0.3048,39.6,0.00392107,64.3523812
2500,1.5,0.3048,39.6,0.00392107,46.802457
12500,1.5,0.3048,39.6,0.00392107,7.2619459
4000,3,0.3048,71.3,0.00425727,44.895897
5000,3,0.3048,71.3,0.00425727,39.2320579
500,3,0.3048,55.5,0.00452492,65.9425107
4000,3,0.3048,55.5,0.00452492,40.7078469
8000,3,0.3048,39.6,0.00495741,19.3368256
315,3,0.3048,31.7,0.00529514,52.4849097
1250,3,0.3048,31.7,0.00529514,57.0585263
3150,3,0.3048,31.7,0.00529514,39.1629218
500,4,0.3048,71.3,0.00497773,72.6859361
800,4,0.3048,71.3,0.00497773,75.4513787
315,4,0.3048,39.6,0.00579636,62.3899806
630,4,0.3048,39.6,0.00579636,73.6378866
1600,4,0.3048,39.6,0.00579636,52.7375223
2500,4,0.3048,39.6,0.00579636,44.8134656
5000,4,0.3048,39.6,0.00579636,27.5294493
2500,0,0.2286,71.3,0.00214345,66.4078496
3150,0,0.2286,71.3,0.00214345,65.0251283
400,0,0.2286,55.5,0.00229336,48.6079719
630,0,0.2286,55.5,0.00229336,60.5738293
3150,0,0.2286,55.5,0.00229336,57.9147499
315,0,0.2286,39.6,0.00253511,46.9992289
630,0,0.2286,39.6,0.00253511,67.3411865
800,0,0.2286,39.6,0.00253511,71.3298056
1000,0,0.2286,39.6,0.00253511,71.9413939
2000,0,0.2286,39.6,0.00253511,58.3003164
2500,0,0.2286,39.6,0.00253511,57.5557742
5000,0,0.2286,39.6,0.00253511,49.9773978
500,0,0.2286,31.7,0.0027238,61.9432552
800,0,0.2286,31.7,0.0027238,72.7125269
4000,2,0.2286,71.3,0.00293031,55.0588986
5000,2,0.2286,71.3,0.00293031,51.6818677
630,2,0.2286,55.5,0.00313525,62.3873215
4000,2,0.2286,55.5,0.00313525,50.1289654
1600,2,0.2286,39.6,0.00346574,59.7149467
2000,2,0.2286,39.6,0.00346574,51.6313452
3150,2,0.2286,31.7,0.00372371,48.2543144
6300,2,0.2286,31.7,0.00372371,31.2627968
500,4,0.2286,71.3,0.00400603,62.1639588
1000,4,0.2286,71.3,0.00400603,75.326402
1250,4,0.2286,71.3,0.00400603,75.3529928
4000,4,0.2286,71.3,0.00400603,48.7887893
5000,4,0.2286,71.3,0.00400603,47.1667509
6300,4,0.2286,71.3,0.00400603,40.5190523
20000,4,0.2286,71.3,0.00400603,16.6405191
500,4,0.2286,55.5,0.0042862,63.642407
800,4,0.2286,55.5,0.0042862,75.7412184
1600,4,0.2286,55.5,0.0042862,66.1685325
4000,4,0.2286,55.5,0.0042862,45.932938
315,4,0.2286,39.6,0.00473801,50.1209881
630,4,0.2286,39.6,0.00473801,69.6652219
5000,4,0.2286,39.6,0.00473801,37.9424043
400,4,0.2286,31.7,0.00509068,60.5445795
1600,4,0.2286,31.7,0.00509068,58.0982264
2000,4,0.2286,31.7,0.00509068,49.748717
500,5.3,0.2286,71.3,0.0051942,70.4656048
630,5.3,0.2286,71.3,0.0051942,75.5710373
315,5.3,0.2286,39.6,0.00614329,69.9630388
1000,5.3,0.2286,39.6,0.00614329,59.0342224
200,7.3,0.2286,71.3,0.0104404,94.072912
800,7.3,0.2286,55.5,0.0111706,66.6471668
1250,7.3,0.2286,55.5,0.0111706,59.4144707
5000,7.3,0.2286,55.5,0.0111706,25.9632515
200,7.3,0.2286,39.6,0.0123481,73.4145239
2000,7.3,0.2286,39.6,0.0123481,38.367857
4000,7.3,0.2286,39.6,0.0123481,28.4494908
200,7.3,0.2286,31.7,0.0132672,67.2720504
315,7.3,0.2286,31.7,0.0132672,71.4202143
500,7.3,0.2286,31.7,0.0132672,65.9159199
1000,7.3,0.2286,31.7,0.0132672,41.7980695
1250,7.3,0.2286,31.7,0.0132672,45.5473715
5000,7.3,0.2286,31.7,0.0132672,20.3392985
8000,0,0.1524,71.3,0.0015988,50.9133938
10000,0,0.1524,71.3,0.0015988,44.8506927
16000,0,0.1524,71.3,0.0015988,26.3700907
1000,0,0.1524,55.5,0.00172668,67.0167788
1600,0,0.1524,55.5,0.00172668,71.2713059
2000,0,0.1524,55.5,0.00172668,69.9151754
6300,0,0.1524,55.5,0.00172668,52.9768394
10000,0,0.1524,55.5,0.00172668,42.2075677
12500,0,0.1524,55.5,0.00172668,36.4639562
1000,0,0.1524,39.6,0.00193287,70.872444
1600,0,0.1524,39.6,0.00193287,73.4783418
2500,0,0.1524,39.6,0.00193287,62.4431622
5000,0,0.1524,39.6,0.00193287,53.3757013
1000,0,0.1524,31.7,0.00209405,73.4092057
3150,0,0.1524,31.7,0.00209405,55.3806472
630,2.7,0.1524,71.3,0.00243851,63.8817241
2500,2.7,0.1524,71.3,0.00243851,66.354668
5000,2.7,0.1524,71.3,0.00243851,55.7981227
500,2.7,0.1524,39.6,0.00294804,46.8769112
630,2.7,0.1524,39.6,0.00294804,59.6404925
1000,2.7,0.1524,39.6,0.00294804,72.3508921
1250,2.7,0.1524,39.6,0.00294804,72.9890712
8000,2.7,0.1524,39.6,0.00294804,35.3099157
10000,2.7,0.1524,39.6,0.00294804,24.4874624
12500,2.7,0.1524,39.6,0.00294804,14.0106895
2500,5.4,0.1524,71.3,0.00401199,64.378972
400,5.4,0.1524,55.5,0.00433288,62.2942537
1000,5.4,0.1524,55.5,0.00433288,76.4405563
3150,5.4,0.1524,55.5,0.00433288,48.4138591
315,5.4,0.1524,39.6,0.00485029,58.4119978
400,5.4,0.1524,39.6,0.00485029,64.5012897
800,5.4,0.1524,39.6,0.00485029,78.1157763
1250,5.4,0.1524,39.6,0.00485029,63.1185684
1600,5.4,0.1524,39.6,0.00485029,60.8583508
3150,5.4,0.1524,39.6,0.00485029,41.8991145
4000,5.4,0.1524,39.6,0.00485029,36.5809557
400,5.4,0.1524,31.7,0.00525474,64.8841971
1000,5.4,0.1524,31.7,0.00525474,66.1073736
315,7.2,0.1524,39.6,0.00909175,72.2684607
500,7.2,0.1524,39.6,0.00909175,77.8525275
1000,7.2,0.1524,39.6,0.00909175,66.3653043
1250,7.2,0.1524,39.6,0.00909175,50.6501449
200,9.9,0.1524,71.3,0.0193001,82.2692584
250,9.9,0.1524,55.5,0.0208438,79.3868163
400,9.9,0.1524,55.5,0.0208438,75.0525168
500,9.9,0.1524,55.5,0.0208438,64.9746058
800,9.9,0.1524,55.5,0.0208438,61.6507565
1600,9.9,0.1524,55.5,0.0208438,43.8615151
630,9.9,0.1524,39.6,0.0233328,61.3848486
800,9.9,0.1524,39.6,0.0233328,61.065759
1600,9.9,0.1524,39.6,0.0233328,40.3249395
6300,9.9,0.1524,39.6,0.0233328,17.2973117
250,9.9,0.1524,31.7,0.0252785,66.9529609
315,9.9,0.1524,31.7,0.0252785,67.6177307
1250,9.9,0.1524,31.7,0.0252785,40.5217114
2000,9.9,0.1524,31.7,0.0252785,35.8417316
2500,9.9,0.1524,31.7,0.0252785,30.1778924
6300,9.9,0.1524,31.7,0.0252785,14.1170527
315,12.6,0.1524,71.3,0.0483159,66.7535299
6300,12.6,0.1524,71.3,0.0483159,10.3810461
315,12.6,0.1524,39.6,0.0584113,33.610764
1000,12.6,0.1524,39.6,0.0584113,30.0210067
1250,12.6,0.1524,39.6,0.0584113,23.3467174
4000,12.6,0.1524,39.6,0.0584113,2.978169
6300,12.6,0.1524,39.6,0.0584113,0
2500,0,0.0508,55.5,0.00076193,81.3040126
800,0,0.0508,39.6,0.000791822,61.499189
3150,0,0.0508,39.6,0.000791822,86.574308
5000,0,0.0508,39.6,0.000791822,82.2400085
8000,4.2,0.0508,71.3,0.00142788,58.2019305
10000,4.2,0.0508,71.3,0.00142788,47.4858404
1000,4.2,0.0508,39.6,0.00152689,59.2097216
6300,4.2,0.0508,39.6,0.00152689,59.3958572
800,8.4,0.0508,71.3,0.00529514,64.2859042
1000,8.4,0.0508,71.3,0.00529514,70.641104
4000,8.4,0.0508,71.3,0.00529514,62.6106842
500,8.4,0.0508,55.5,0.00544854,54.1441753
5000,8.4,0.0508,55.5,0.00544854,33.0576754
500,8.4,0.0508,31.7,0.00580776,52.0807297
2500,8.4,0.0508,31.7,0.00580776,59.020927
3150,8.4,0.0508,31.7,0.00580776,49.7407398
4000,8.4,0.0508,31.7,0.00580776,39.1576036
400,11.2,0.0508,71.3,0.014072,68.8728162
630,11.2,0.0508,71.3,0.014072,80.3866301
3150,11.2,0.0508,71.3,0.014072,63.1823863
1250,11.2,0.0508,39.6,0.0150478,70.9176483
2500,15.4,0.0508,71.3,0.0264269,64.4693807
800,15.4,0.0508,55.5,0.0271925,71.9280985
1000,15.4,0.0508,55.5,0.0271925,71.8483261
2500,15.4,0.0508,55.5,0.0271925,59.1645172
3150,15.4,0.0508,55.5,0.0271925,53.3943149
6300,15.4,0.0508,55.5,0.0271925,25.3942085
500,15.4,0.0508,39.6,0.0282593,60.0499907
5000,15.4,0.0508,39.6,0.0282593,29.4439865
200,15.4,0.0508,31.7,0.0289853,44.1274231
400,15.4,0.0508,31.7,0.0289853,54.0457893
6300,15.4,0.0508,31.7,0.0289853,12.7768766
250,19.7,0.0508,71.3,0.0341183,41.8406148
500,19.7,0.0508,71.3,0.0341183,62.7941607
1600,19.7,0.0508,71.3,0.0341183,45.7228707
200,19.7,0.0508,39.6,0.036484,60.0792406
1000,19.7,0.0508,39.6,0.036484,41.279549
2000,19.7,0.0508,39.6,0.036484,38.1418353
10000,0,0.0254,71.3,0.000400682,72.8773898
20000,0,0.0254,71.3,0.000400682,52.7481586
3150,0,0.0254,55.5,0.00041229,72.1222113
6300,0,0.0254,55.5,0.00041229,87.0130561
16000,0,0.0254,55.5,0.00041229,59.3054485
2000,0,0.0254,39.6,0.000428464,70.8538304
3150,0,0.0254,39.6,0.000428464,79.4958385
10000,0,0.0254,39.6,0.000428464,79.7617465
16000,0,0.0254,39.6,0.000428464,57.4520701
1600,0,0.0254,31.7,0.000439472,68.8355891
2000,0,0.0254,31.7,0.000439472,72.6380727
5000,0,0.0254,31.7,0.000439472,93.671391
6300,0,0.0254,31.7,0.000439472,93.4852554
4000,4.8,0.0254,71.3,0.000848633,83.8886378
8000,4.8,0.0254,71.3,0.000848633,74.8211769
12500,4.8,0.0254,71.3,0.000848633,64.6369027
2000,4.8,0.0254,39.6,0.000907475,67.9022522
1000,4.8,0.0254,31.7,0.000930789,58.4146568
2500,9.5,0.0254,71.3,0.00420654,86.6221714
3150,9.5,0.0254,71.3,0.00420654,87.1805781
2500,9.5,0.0254,55.5,0.0043284,81.8251921
5000,9.5,0.0254,55.5,0.0043284,66.5620762
630,9.5,0.0254,39.6,0.00449821,61.5151435
800,9.5,0.0254,39.6,0.00449821,68.162842
1250,9.5,0.0254,39.6,0.00449821,73.3480469
3150,9.5,0.0254,39.6,0.00449821,70.6091951
5000,9.5,0.0254,39.6,0.00449821,57.6062967
200,9.5,0.0254,31.7,0.00461377,41.9230462
250,9.5,0.0254,31.7,0.00461377,44.5555349
630,9.5,0.0254,31.7,0.00461377,68.1415694
800,9.5,0.0254,31.7,0.00461377,72.7683676
2500,9.5,0.0254,31.7,0.00461377,71.0133752
250,12.7,0.0254,71.3,0.0121808,43.3908581
400,12.7,0.0254,71.3,0.0121808,57.616933
1250,12.7,0.0254,71.3,0.0121808,78.8895684
1600,12.7,0.0254,71.3,0.0121808,82.825006
2500,12.7,0.0254,71.3,0.0121808,81.5752387
3150,12.7,0.0254,71.3,0.0121808,80.7775148
8000,12.7,0.0254,71.3,0.0121808,45.6244848
800,12.7,0.0254,39.6,0.0130253,71.3617146
10000,12.7,0.0254,39.6,0.0130253,33.6027867
250,17.4,0.0254,71.3,0.016104,27.6969713
400,17.4,0.0254,71.3,0.016104,37.2696572
1600,17.4,0.0254,71.3,0.016104,61.2279629
4000,17.4,0.0254,55.5,0.0165706,48.9031297
400,17.4,0.0254,39.6,0.0172206,32.0791342
630,17.4,0.0254,39.6,0.0172206,56.1969846
1000,17.4,0.0254,39.6,0.0172206,92.7859175
1600,17.4,0.0254,39.6,0.0172206,64.4401308
200,17.4,0.0254,31.7,0.0176631,33.945808
2000,17.4,0.0254,31.7,0.0176631,55.7768501
630,22.2,0.0254,71.3,0.0214178,45.9409153
800,22.2,0.0254,71.3,0.0214178,52.7747494
6300,22.2,0.0254,71.3,0.0214178,52.5088414
630,0,0.1016,71.3,0.00121072,55.2423751
1000,0,0.1016,71.3,0.00121072,67.660276
5000,0,0.1016,71.3,0.00121072,72.8986625
2000,0,0.1016,55.5,0.00131983,77.5387561
3150,0,0.1016,55.5,0.00131983,75.5178557
10000,0,0.1016,55.5,0.00131983,49.3259234
12500,0,0.1016,55.5,0.00131983,43.9545829
630,0,0.1016,31.7,0.00150092,61.2465764
1600,0,0.1016,31.7,0.00150092,80.2324035
1600,3.3,0.1016,71.3,0.00202822,80.5275614
800,3.3,0.1016,55.5,0.002211,68.4420454
5000,3.3,0.1016,55.5,0.002211,57.0611854
800,3.3,0.1016,39.6,0.00245138,70.7607626
2000,3.3,0.1016,39.6,0.00245138,76.9032361
4000,3.3,0.1016,39.6,0.00245138,57.1728668
630,3.3,0.1016,31.7,0.00251435,67.9979791
800,3.3,0.1016,31.7,0.00251435,74.4063605
6300,3.3,0.1016,31.7,0.00251435,46.0605738
1600,6.7,0.1016,71.3,0.00478288,88.5420268
2500,6.7,0.1016,71.3,0.00478288,74.6616321
3150,6.7,0.1016,71.3,0.00478288,56.0480762
400,6.7,0.1016,39.6,0.00578076,66.2509639
1000,6.7,0.1016,39.6,0.00578076,82.790438
1250,6.7,0.1016,39.6,0.00578076,77.1531896
1600,6.7,0.1016,39.6,0.00578076,63.8046108
200,8.9,0.1016,71.3,0.0103088,80.0994496
630,8.9,0.1016,71.3,0.0103088,93.1821203
3150,8.9,0.1016,71.3,0.0103088,52.8704762
4000,8.9,0.1016,71.3,0.0103088,44.8400564
6300,8.9,0.1016,71.3,0.0103088,36.8894089
200,8.9,0.1016,39.6,0.0124596,79.878746
1000,8.9,0.1016,39.6,0.0124596,69.667881
2500,8.9,0.1016,39.6,0.0124596,42.0400457
5000,8.9,0.1016,39.6,0.0124596,25.7930704
1250,12.3,0.1016,71.3,0.0337792,61.8714601
400,12.3,0.1016,55.5,0.0368233,87.8400298
800,12.3,0.1016,55.5,0.0368233,57.7924323
1000,12.3,0.1016,55.5,0.0368233,58.7762916
1600,12.3,0.1016,55.5,0.0368233,49.0440609
3150,12.3,0.1016,55.5,0.0368233,35.987981
500,12.3,0.1016,39.6,0.0408268,50.0571702
400,12.3,0.1016,31.7,0.0418756,52.7215678
630,12.3,0.1016,31.7,0.0418756,42.2979764
1250,12.3,0.1016,31.7,0.0418756,40.9152551
2500,12.3,0.1016,31.7,0.0418756,18.446034
5000,12.3,0.1016,31.7,0.0418756,10.0167522
3150,15.6,0.1016,71.3,0.0437259,34.8020315
630,15.6,0.1016,39.6,0.0528487,39.0991039
6300,15.6,0.1016,39.6,0.0528487,2.1910814
1000,12.6,0.1524,71.3,0.0483159,49.6290584
400,9.9,0.1524,39.6,0.0233328,66.3839179
10000,4.8,0.0254,71.3,0.000848633,63.8657697
1600,8.9,0.1016,71.3,0.0103088,67.4954131
5000,0,0.1016,31.7,0.00150092,55.875236
1600,0,0.0508,55.5,0.00076193,66.9981652
8000,0,0.3048,71.3,0.00266337,36.6181828
10000,7.2,0.1524,39.6,0.00909175,19.9111867
6300,0,0.3048,31.7,0.00331266,27.6411306
4000,0,0.2286,71.3,0.00214345,59.6803787
4000,0,0.1524,39.6,0.00193287,58.4013614
1250,9.5,0.0254,71.3,0.00420654,75.1881299
4000,12.3,0.1016,71.3,0.0337792,38.9236046
2500,1.5,0.3048,71.3,0.00336729,56.1916664
4000,0,0.3048,55.5,0.00283081,47.1348419
5000,15.6,0.1016,39.6,0.0528487,7.5624219
630,5.4,0.1524,39.6,0.00485029,77.0521445
1600,4.2,0.0508,39.6,0.00152689,71.308533
2000,8.4,0.0508,71.3,0.00529514,82.6867339
2000,8.9,0.1016,71.3,0.0103088,55.4497833
200,12.6,0.1524,39.6,0.0584113,30.2337331
800,0,0.1016,71.3,0.00121072,62.2889356
400,22.2,0.0254,71.3,0.0214178,38.6816284
500,7.3,0.2286,71.3,0.0104404,88.8611163
1600,0,0.3048,31.7,0.00331266,50.4826229
1250,8.4,0.0508,31.7,0.00580776,71.1995107
2000,0,0.0254,55.5,0.00041229,64.4640625
2000,0,0.2286,31.7,0.0027238,53.3810195
1250,9.9,0.1524,55.5,0.0208438,48.5414949
1000,2.7,0.1524,71.3,0.00243851,67.524663
4000,5.4,0.1524,55.5,0.00433288,43.4945622
500,12.6,0.1524,39.6,0.0584113,30.632595
200,15.4,0.0508,55.5,0.0271925,52.0115936
2500,9.9,0.1524,39.6,0.0233328,34.3420108
12500,0,0.3048,55.5,0.00283081,20.4642753
3150,0,0.0254,31.7,0.000439472,84.6837025
500,9.5,0.0254,55.5,0.0043284,52.3891829
2000,0,0.1524,39.6,0.00193287,69.8088122
6300,7.2,0.1524,39.6,0.00909175,24.7507113
1250,3.3,0.1016,39.6,0.00245138,79.3229984
315,12.7,0.0254,71.3,0.0121808,52.0062754
4000,0,0.1016,55.5,0.00131983,69.4551546
1600,15.6,0.1016,39.6,0.0528487,29.7125535
1600,22.2,0.0254,71.3,0.0214178,75.6162417
5000,0,0.1016,55.5,0.00131983,66.4238041
4000,11.2,0.0508,71.3,0.014072,50.7644853
500,22.2,0.0254,39.6,0.0229028,70.1890605
2000,7.3,0.2286,71.3,0.0104404,51.3946872
8000,3.3,0.1016,55.5,0.002211,45.7069163
400,17.4,0.0254,31.7,0.0176631,46.2307549
1600,0,0.1016,55.5,0.00131983,76.2358072
1600,4,0.2286,39.6,0.00473801,58.3375435
6300,2.7,0.1524,39.6,0.00294804,42.0905682
315,6.7,0.1016,31.7,0.00592927,60.8556918
10000,2,0.2286,71.3,0.00293031,25.8090249
400,9.5,0.0254,31.7,0.00461377,56.8404818
8000,7.2,0.1524,71.3,0.00752039,26.4658175
500,4,0.3048,39.6,0.00579636,71.2447151
10000,7.2,0.1524,71.3,0.00752039,18.4353977
800,7.2,0.1524,39.6,0.00909175,77.0548036
5000,17.4,0.0254,55.5,0.0165706,41.377935
12500,0,0.0508,55.5,0.00076193,58.4891111
400,7.2,0.1524,71.3,0.00752039,71.1117611
20000,4.8,0.0254,55.5,0.000873218,47.6081581
16000,0,0.3048,71.3,0.00266337,14.2021432
8000,5.4,0.1524,55.5,0.00433288,30.7043901
1600,4,0.2286,71.3,0.00400603,69.3700641
1600,2,0.2286,31.7,0.00372371,59.6085835
800,15.6,0.1016,39.6,0.0528487,41.4390938
1600,4.2,0.0508,71.3,0.00142788,55.675805
1250,4.2,0.0508,39.6,0.00152689,66.6019624
500,9.5,0.0254,31.7,0.00461377,62.504321
8000,4.8,0.0254,55.5,0.000873218,76.5921238
400,7.3,0.2286,39.6,0.0123481,76.2065573
4000,3.3,0.1016,71.3,0.00202822,67.3385274
800,5.3,0.2286,71.3,0.0051942,80.0382907
2000,9.9,0.1524,71.3,0.0193001,46.2653229
630,12.3,0.1016,55.5,0.0368233,55.4790332
6300,5.4,0.1524,71.3,0.00401199,34.650464
5000,12.7,0.0254,39.6,0.0130253,57.7738187
800,17.4,0.0254,31.7,0.0176631,95.3173611
800,8.9,0.1016,39.6,0.0124596,73.284229
2500,12.7,0.0254,39.6,0.0130253,68.1974101
1600,6.7,0.1016,31.7,0.00592927,55.7502593
5000,9.5,0.0254,31.7,0.00461377,55.9629856
5000,4.2,0.0508,71.3,0.00142788,78.304571
1250,22.2,0.0254,39.6,0.0229028,61.3343261
800,22.2,0.0254,39.6,0.0229028,89.6003404
2000,9.5,0.0254,31.7,0.00461377,72.1035977
800,0,0.1524,71.3,0.0015988,59.6617651
4000,8.4,0.0508,39.6,0.00566229,41.4151621
1000,0,0.0254,31.7,0.000439472,57.8270003
630,3,0.3048,71.3,0.00425727,69.066929
800,19.7,0.0508,39.6,0.036484,41.9975005
630,12.3,0.1016,39.6,0.0408268,47.6905895
10000,0,0.2286,71.3,0.00214345,39.2320579
6300,3.3,0.1016,55.5,0.002211,54.402106
630,0,0.1016,39.6,0.00146332,58.5555881
10000,3.3,0.1016,55.5,0.002211,32.6508363
6300,15.4,0.0508,71.3,0.0264269,31.470205
