day_of_yr,season,yr_since_2011,mnth,holiday,weekday,workingday,weathersit,temp,atemp,hum,windspeed
269,4,1,9,0,2,1,1,0.55,0.544179,0.57,0.236321
261,3,0,9,0,0,0,1,0.5075,0.490537,0.695,0.178483
301,4,0,10,0,5,1,2,0.330833,0.318812,0.585833,0.229479
322,4,1,11,0,6,0,1,0.325,0.326383,0.545417,0.179729
188,3,1,7,0,5,1,1,0.828333,0.752533,0.450833,0.146142
232,3,0,8,0,6,0,1,0.6975,0.648996,0.674167,0.104467
87,2,0,3,0,1,1,1,0.264348,0.257574,0.302174,0.212204
96,2,1,4,0,4,1,1,0.435,0.431163,0.374167,0.219529
23,1,0,1,0,0,0,1,0.0965217,0.0988391,0.436522,0.2466
249,3,0,9,0,2,1,3,0.54,0.5152,0.886957,0.343943
365,1,0,12,0,6,0,1,0.41,0.414121,0.615833,0.220154
21,1,1,1,0,6,0,2,0.173333,0.174875,0.83125,0.222642
283,4,0,10,1,1,0,1,0.570833,0.542925,0.73375,0.0423042
351,4,0,12,0,6,0,2,0.258333,0.249371,0.560833,0.243167
60,1,0,3,0,2,1,1,0.266667,0.263879,0.535,0.216425
255,3,1,9,0,2,1,1,0.5775,0.554292,0.52,0.0920542
316,4,1,11,0,0,0,1,0.420833,0.421713,0.659167,0.1275
217,3,1,8,0,6,0,1,0.793333,0.751267,0.613333,0.257458
166,2,1,6,0,4,1,1,0.648333,0.624383,0.569583,0.253733
138,2,1,5,0,4,1,1,0.593333,0.572613,0.52,0.229475
263,3,1,9,0,3,1,1,0.5525,0.540404,0.536667,0.215175
295,4,0,10,0,6,0,1,0.4225,0.425492,0.629167,0.0926667
321,4,1,11,0,5,1,1,0.345,0.347204,0.524583,0.171025
99,2,0,4,0,6,0,2,0.3425,0.341529,0.8775,0.133083
89,2,1,3,0,4,1,1,0.494167,0.482304,0.439167,0.31965
58,1,1,2,0,1,1,1,0.366667,0.357954,0.490833,0.268033
120,2,0,4,0,6,0,1,0.4725,0.464021,0.503333,0.235075
303,4,1,10,0,1,1,3,0.44,0.4394,0.88,0.3582
264,3,1,9,0,4,1,1,0.546667,0.532192,0.618333,0.118167
207,3,0,7,0,2,1,1,0.771667,0.696979,0.540833,0.200258
111,2,0,4,0,4,1,1,0.459167,0.453892,0.407083,0.325258
309,4,0,11,0,6,0,1,0.326667,0.323854,0.519167,0.189062
169,2,1,6,0,0,0,1,0.5925,0.571975,0.59875,0.144904
335,4,0,12,0,4,1,1,0.3125,0.305554,0.524583,0.220158
61,1,0,3,0,3,1,1,0.335,0.320071,0.449583,0.307833
130,2,1,5,0,3,1,2,0.575,0.553025,0.744167,0.216412
132,2,0,5,0,4,1,1,0.535,0.523363,0.7475,0.189667
65,1,1,3,0,1,1,1,0.243333,0.241171,0.50625,0.228858
74,1,1,3,0,3,1,1,0.5725,0.548617,0.507083,0.115062
1,1,0,1,0,6,0,2,0.344167,0.363625,0.805833,0.160446
19,1,1,1,0,4,1,1,0.19,0.190038,0.4975,0.220158
92,2,0,4,0,6,0,2,0.315,0.315637,0.65375,0.197146
160,2,1,6,0,5,1,1,0.649167,0.597862,0.467917,0.175383
127,2,0,5,0,6,0,1,0.52,0.512621,0.54125,0.16045
280,4,1,10,0,6,0,1,0.554167,0.538521,0.664167,0.268025
133,2,0,5,0,5,1,2,0.5125,0.4943,0.863333,0.179725
266,4,0,9,0,5,1,2,0.609167,0.522125,0.9725,0.0783667
306,4,1,11,0,4,1,2,0.365833,0.369942,0.581667,0.157346
340,4,1,12,0,3,1,1,0.438333,0.428012,0.485,0.324021
228,3,1,8,0,3,1,1,0.706667,0.654037,0.619583,0.169771
113,2,1,4,0,0,0,3,0.396667,0.389504,0.835417,0.344546
305,4,0,11,0,2,1,1,0.400833,0.397088,0.68375,0.135571
184,3,1,7,0,1,1,1,0.781667,0.702038,0.447083,0.195267
34,1,0,2,0,4,1,1,0.186957,0.177878,0.437826,0.277752
230,3,0,8,0,4,1,1,0.711667,0.662258,0.654583,0.233208
16,1,1,1,1,1,0,1,0.19,0.190663,0.5225,0.231358
311,4,0,11,0,1,1,1,0.395,0.400871,0.75875,0.057225
290,4,0,10,0,1,1,1,0.534167,0.510725,0.579583,0.175379
162,2,0,6,0,6,0,1,0.725,0.678038,0.654583,0.15485
38,1,1,2,0,2,1,1,0.354167,0.361104,0.49625,0.147379
344,4,1,12,0,0,0,2,0.384167,0.390146,0.905417,0.157975
81,2,1,3,0,3,1,2,0.531667,0.513258,0.82125,0.0895583
284,4,0,10,0,2,1,2,0.566667,0.546096,0.80875,0.143042
194,3,1,7,0,4,1,1,0.715833,0.654683,0.529583,0.146775
246,3,0,9,0,6,0,1,0.669167,0.633213,0.716667,0.185325
208,3,0,7,0,3,1,1,0.775,0.690667,0.402917,0.183463
61,1,1,3,0,4,1,1,0.485833,0.475371,0.615417,0.226987
144,2,1,5,0,3,1,2,0.621667,0.584612,0.774583,0.102
169,2,0,6,0,6,0,1,0.696667,0.643954,0.670417,0.119408
301,4,1,10,0,6,0,2,0.53,0.515133,0.72,0.235692
354,4,1,12,0,3,1,1,0.3325,0.342162,0.625417,0.184092
138,2,0,5,0,3,1,2,0.55,0.527158,0.87,0.201492
24,1,0,1,0,1,1,1,0.0973913,0.11793,0.491739,0.15833
97,2,0,4,0,4,1,1,0.4375,0.433696,0.602917,0.162312
356,1,1,12,0,5,1,2,0.326667,0.301767,0.556667,0.374383
338,4,0,12,0,0,0,1,0.330833,0.3491,0.775833,0.0839583
34,1,1,2,0,5,1,1,0.313333,0.309346,0.526667,0.178496
330,4,1,11,0,0,0,1,0.245833,0.257583,0.468333,0.1505
361,1,1,12,0,3,1,3,0.243333,0.220333,0.823333,0.316546
239,3,0,8,0,6,0,2,0.68,0.635556,0.85,0.375617
193,3,0,7,0,2,1,1,0.794167,0.739275,0.559167,0.200254
13,1,1,1,0,5,1,1,0.274167,0.249362,0.5075,0.378108
24,1,1,1,0,2,1,1,0.3425,0.349108,0.835833,0.123767
33,1,1,2,0,4,1,2,0.399167,0.398971,0.672917,0.187187
117,2,1,4,0,4,1,2,0.498333,0.483583,0.756667,0.176625
115,2,1,4,0,2,1,1,0.413333,0.405283,0.454167,0.249383
214,3,0,8,0,2,1,1,0.783333,0.707071,0.49125,0.20585
137,2,0,5,0,2,1,2,0.561667,0.538529,0.837917,0.277354
89,2,0,3,0,3,1,2,0.3,0.29735,0.646667,0.172888
70,1,1,3,0,6,0,1,0.2875,0.277767,0.350417,0.22575
72,1,1,3,0,1,1,1,0.466667,0.459592,0.489167,0.207713
85,2,0,3,0,6,0,1,0.265833,0.257571,0.394167,0.209571
357,1,1,12,0,6,0,1,0.265833,0.236113,0.44125,0.407346
152,2,0,6,0,3,1,2,0.764167,0.720967,0.677083,0.207092
221,3,1,8,0,3,1,2,0.75,0.707717,0.672917,0.1107
173,3,1,6,0,4,1,1,0.805833,0.752542,0.567917,0.118787
100,2,1,4,0,1,1,1,0.489167,0.476638,0.3175,0.358196
139,2,1,5,0,5,1,1,0.564167,0.551121,0.523333,0.136817
353,4,0,12,0,1,1,1,0.276667,0.280933,0.6375,0.172896
346,4,0,12,0,1,1,1,0.238333,0.270196,0.670833,0.06345
236,3,1,8,0,4,1,1,0.695833,0.637008,0.635833,0.0845958
276,4,1,10,0,2,1,3,0.590833,0.542333,0.871667,0.104475
166,2,0,6,0,3,1,1,0.626667,0.587754,0.471667,0.167912
14,1,1,1,0,6,0,1,0.18,0.183087,0.4575,0.187183
10,1,0,1,0,1,1,1,0.150833,0.150888,0.482917,0.223267
186,3,1,7,1,3,0,1,0.789167,0.732337,0.53875,0.13495
220,3,0,8,0,1,1,1,0.765,0.703283,0.592083,0.192175
313,4,1,11,0,4,1,1,0.352174,0.341891,0.333478,0.347835
325,4,0,11,0,1,1,3,0.4475,0.445062,0.91,0.138054
348,4,1,12,0,4,1,1,0.295833,0.294188,0.485833,0.174129
171,2,1,6,0,2,1,1,0.688333,0.654692,0.69,0.148017
47,1,1,2,0,4,1,2,0.316667,0.330162,0.752917,0.091425
189,3,0,7,0,5,1,2,0.709167,0.670483,0.757917,0.225129
219,3,1,8,0,1,1,2,0.7525,0.710246,0.654167,0.129354
227,3,0,8,0,1,1,1,0.665833,0.616167,0.712083,0.208954
126,2,0,5,0,5,1,1,0.479167,0.474117,0.59,0.228246
121,2,0,5,0,0,0,2,0.451667,0.448204,0.762083,0.106354
26,1,0,1,0,3,1,3,0.2175,0.2036,0.8625,0.29385
186,3,0,7,0,2,1,1,0.746667,0.696338,0.590417,0.126258
71,1,0,3,0,6,0,1,0.329167,0.32575,0.594583,0.220775
39,1,0,2,0,2,1,1,0.220833,0.198246,0.537917,0.36195
87,2,1,3,0,2,1,1,0.323333,0.315654,0.29,0.187192
64,1,0,3,0,6,0,2,0.384167,0.378779,0.789167,0.251871
125,2,0,5,0,4,1,1,0.459167,0.441917,0.444167,0.295392
148,2,1,5,0,0,0,1,0.69,0.641425,0.697083,0.215171
8,1,1,1,0,0,0,1,0.3375,0.340258,0.465,0.191542
104,2,1,4,0,5,1,1,0.4425,0.431808,0.408333,0.155471
183,3,1,7,0,0,0,1,0.815833,0.750629,0.51875,0.168529
73,1,0,3,0,1,1,1,0.325217,0.332,0.496957,0.136926
175,3,0,6,0,5,1,1,0.724167,0.656583,0.573333,0.222025
79,1,0,3,0,0,0,1,0.3325,0.32575,0.47375,0.207721
236,3,0,8,0,3,1,1,0.673333,0.630692,0.605,0.253108
299,4,0,10,0,3,1,2,0.484167,0.472846,0.720417,0.148642
116,2,1,4,0,3,1,1,0.476667,0.470317,0.427917,0.118792
362,1,1,12,0,4,1,2,0.254167,0.226642,0.652917,0.350133
294,4,1,10,0,6,0,1,0.484167,0.472842,0.572917,0.117537
8,1,0,1,0,6,0,2,0.165,0.162254,0.535833,0.266804
328,4,0,11,1,4,0,1,0.373333,0.372471,0.549167,0.167304
12,1,0,1,0,3,1,1,0.172727,0.160473,0.599545,0.304627
260,3,1,9,0,0,0,1,0.58,0.563125,0.57,0.0901833
155,2,1,6,0,0,0,1,0.6025,0.575133,0.493333,0.184087
345,4,0,12,0,0,0,1,0.220833,0.253154,0.49,0.0665417
259,3,0,9,0,5,1,2,0.469167,0.461475,0.590417,0.164183
234,3,1,8,0,2,1,1,0.649167,0.601025,0.67375,0.0727708
312,4,0,11,0,2,1,1,0.408333,0.412246,0.721667,0.0690375
224,3,1,8,0,6,0,2,0.6925,0.638267,0.732917,0.206479
204,3,0,7,0,6,0,1,0.849167,0.804287,0.5,0.131221
48,1,0,2,0,4,1,1,0.435833,0.428658,0.505,0.230104
358,1,1,12,0,0,0,1,0.245833,0.259471,0.515417,0.133083
164,2,1,6,0,2,1,2,0.653333,0.597875,0.833333,0.214546
48,1,1,2,0,5,1,1,0.343333,0.351629,0.634583,0.205846
317,4,1,11,1,1,0,1,0.485,0.475383,0.741667,0.173517
141,2,1,5,0,0,0,1,0.620833,0.583967,0.530417,0.254367
11,1,1,1,0,3,1,2,0.274167,0.282821,0.8475,0.131221
343,4,1,12,0,6,0,2,0.381667,0.389508,0.91125,0.101379
250,3,1,9,0,4,1,2,0.696667,0.655329,0.810417,0.142421
199,3,0,7,0,1,1,1,0.746667,0.703925,0.65125,0.215804
150,2,0,5,1,1,0,1,0.733333,0.671092,0.685,0.131225
187,3,0,7,0,3,1,1,0.72,0.685633,0.743333,0.149883
78,1,0,3,0,6,0,1,0.4725,0.466525,0.379167,0.368167
9,1,1,1,0,1,1,2,0.224167,0.247479,0.701667,0.0989
326,4,1,11,0,3,1,1,0.353333,0.364892,0.61375,0.103246
192,3,0,7,0,1,1,1,0.7625,0.729804,0.635833,0.282337
67,1,0,3,0,2,1,1,0.2925,0.3024,0.420833,0.12065
359,1,1,12,0,1,1,2,0.231304,0.2589,0.791304,0.0772304
277,4,0,10,0,2,1,1,0.484167,0.472858,0.71,0.205854
95,2,0,4,0,2,1,2,0.414167,0.39835,0.642083,0.388067
6,1,0,1,0,4,1,1,0.204348,0.233209,0.518261,0.0895652
332,4,1,11,0,2,1,2,0.291667,0.281558,0.786667,0.237562
199,3,1,7,0,2,1,1,0.818333,0.755683,0.505833,0.114429
235,3,1,8,0,3,1,1,0.6675,0.621854,0.677083,0.0702833
69,1,1,3,0,5,1,2,0.410833,0.397083,0.407083,0.4148
7,1,0,1,0,5,1,2,0.196522,0.208839,0.498696,0.168726
170,2,0,6,0,0,0,2,0.699167,0.645846,0.666667,0.102
82,2,1,3,0,4,1,1,0.554167,0.531567,0.83125,0.117562
164,2,0,6,0,1,1,1,0.635,0.601654,0.494583,0.30535
23,1,1,1,0,1,1,2,0.218333,0.243058,0.91125,0.110708
258,3,1,9,0,5,1,1,0.633333,0.594083,0.6725,0.103863
29,1,0,1,0,6,0,1,0.196522,0.212126,0.651739,0.145365
343,4,0,12,0,5,1,1,0.290833,0.317542,0.695833,0.0827167
192,3,1,7,0,2,1,2,0.720833,0.664796,0.6675,0.151737
349,4,0,12,0,4,1,2,0.4225,0.412237,0.634167,0.268042
278,4,0,10,0,3,1,1,0.538333,0.527138,0.647917,0.17725
304,4,1,10,0,2,1,2,0.318182,0.309909,0.825455,0.213009
146,2,0,5,0,4,1,1,0.708333,0.654688,0.6775,0.199642
102,2,0,4,0,2,1,2,0.5025,0.493054,0.739167,0.274879
161,2,1,6,0,6,0,1,0.710833,0.648367,0.437083,0.144287
52,1,1,2,0,2,1,1,0.287826,0.295113,0.594348,0.205717
349,4,1,12,0,5,1,1,0.281667,0.294192,0.642917,0.131229
342,4,1,12,0,5,1,2,0.320833,0.321958,0.764167,0.1306
195,3,0,7,0,4,1,1,0.680833,0.635104,0.47625,0.240667
352,4,1,12,0,1,1,2,0.393333,0.4015,0.907083,0.0982583
298,4,0,10,0,2,1,1,0.471667,0.463375,0.622917,0.166658
103,2,1,4,0,4,1,1,0.3975,0.387604,0.46625,0.290429
63,1,1,3,0,6,0,2,0.414167,0.413492,0.62125,0.161079
238,3,0,8,0,5,1,1,0.7,0.659733,0.76125,0.0839625
233,3,0,8,0,0,0,1,0.710833,0.675525,0.77,0.248754
141,2,0,5,0,6,0,1,0.6025,0.571975,0.626667,0.12065
136,2,1,5,0,2,1,2,0.611667,0.576404,0.794583,0.147392
220,3,1,8,0,2,1,2,0.735833,0.697621,0.70375,0.116908
200,3,0,7,0,2,1,1,0.776667,0.747479,0.650417,0.1306
131,2,0,5,0,3,1,1,0.5425,0.5284,0.632917,0.120642
181,3,1,6,0,5,1,1,0.834167,0.786613,0.48875,0.165417
83,2,0,3,0,4,1,2,0.285,0.270833,0.805833,0.243787
130,2,0,5,0,2,1,1,0.5325,0.522721,0.489167,0.115671
60,1,1,2,0,3,1,2,0.344348,0.34847,0.804783,0.179117
329,4,1,11,0,6,0,1,0.278333,0.248742,0.404583,0.376871
282,4,1,10,1,1,0,2,0.383333,0.387608,0.709583,0.189679
295,4,1,10,0,0,0,1,0.464167,0.456429,0.51,0.166054
116,2,0,4,0,2,1,1,0.631667,0.594083,0.729167,0.3265
91,2,1,3,0,6,0,2,0.424167,0.421708,0.738333,0.250617
172,2,1,6,0,3,1,1,0.7825,0.720975,0.592083,0.113812
124,2,1,5,0,4,1,2,0.56,0.537242,0.768333,0.133696
152,2,1,5,0,4,1,1,0.68,0.631329,0.492917,0.195279
242,3,0,8,0,2,1,1,0.639167,0.594704,0.548333,0.125008
177,3,0,6,0,0,0,1,0.68,0.637629,0.513333,0.0945333
183,3,0,7,0,6,0,1,0.738333,0.667308,0.444583,0.115062
52,1,0,2,1,1,0,2,0.303333,0.284075,0.605,0.307846
308,4,1,11,0,6,0,2,0.343333,0.323846,0.49125,0.270529
109,2,1,4,0,3,1,2,0.463333,0.457038,0.569167,0.167912
315,4,0,11,1,5,0,1,0.324167,0.306817,0.44625,0.314675
78,1,1,3,0,0,0,2,0.4725,0.464,0.81,0.126883
90,2,0,3,0,4,1,3,0.268333,0.257575,0.918333,0.217646
4,1,0,1,0,2,1,1,0.2,0.212122,0.590435,0.160296
279,4,0,10,0,4,1,1,0.494167,0.480425,0.620833,0.134954
323,4,1,11,0,0,0,1,0.3425,0.337746,0.692917,0.227612
178,3,0,6,0,1,1,2,0.6825,0.637004,0.658333,0.107588
360,1,0,12,1,1,0,1,0.321739,0.315535,0.506957,0.239465
303,4,0,10,0,0,0,1,0.319167,0.321329,0.62375,0.176617
230,3,1,8,0,5,1,1,0.723333,0.2424,0.570833,0.231354
225,3,1,8,0,0,0,1,0.700833,0.644579,0.530417,0.122512
139,2,0,5,0,4,1,2,0.530833,0.510742,0.829583,0.108213
59,1,1,2,0,2,1,1,0.359167,0.353525,0.395833,0.193417
292,4,1,10,0,4,1,2,0.5225,0.512625,0.728333,0.236937
347,4,1,12,0,3,1,2,0.2975,0.297338,0.538333,0.162937
217,3,0,8,0,5,1,1,0.710833,0.656567,0.630833,0.184696
287,4,1,10,0,6,0,1,0.393333,0.391396,0.494583,0.146142
205,3,0,7,0,0,0,1,0.83,0.794829,0.550833,0.169171
129,2,1,5,0,2,1,2,0.581667,0.557471,0.685833,0.296029
256,3,1,9,0,3,1,1,0.599167,0.570075,0.577083,0.131846
143,2,1,5,0,2,1,2,0.615,0.580825,0.765833,0.118167
127,2,1,5,0,0,0,2,0.5625,0.546737,0.74,0.149879
165,2,0,6,0,2,1,1,0.604167,0.591546,0.507083,0.269283
239,3,1,8,0,0,0,2,0.653333,0.595996,0.845833,0.228858
316,4,0,11,0,6,0,1,0.356667,0.357942,0.552917,0.212062
126,2,1,5,0,6,0,2,0.621667,0.584608,0.756667,0.152992
77,1,1,3,0,6,0,2,0.514167,0.505046,0.755833,0.110704
288,4,1,10,0,0,0,1,0.521667,0.508204,0.640417,0.278612
248,3,1,9,0,2,1,1,0.725833,0.686888,0.755,0.236321
317,4,0,11,0,0,0,1,0.440833,0.43055,0.458333,0.281721
291,4,0,10,0,2,1,2,0.5325,0.522721,0.701667,0.110087
161,2,0,6,0,5,1,1,0.755,0.703292,0.605,0.140554
43,1,0,2,0,6,0,1,0.2225,0.232954,0.544167,0.203367
110,2,0,4,0,3,1,1,0.595,0.564392,0.614167,0.241925
362,1,0,12,0,3,1,1,0.29913,0.279974,0.503913,0.293961
59,1,0,2,0,1,1,2,0.407273,0.400118,0.876364,0.289686
76,1,1,3,0,5,1,2,0.435833,0.436229,0.842083,0.113192
62,1,1,3,0,5,1,2,0.353333,0.359842,0.657083,0.144904
81,2,0,3,0,2,1,1,0.441667,0.440642,0.624583,0.22575
245,3,0,9,0,5,1,2,0.643333,0.604808,0.727083,0.139929
107,2,1,4,1,1,0,1,0.664167,0.614925,0.561667,0.284829
337,4,1,12,0,0,0,2,0.3475,0.359208,0.823333,0.124379
266,3,1,9,0,6,0,1,0.65,0.610488,0.646667,0.283583
133,2,1,5,0,6,0,1,0.564167,0.544817,0.480417,0.123133
276,4,0,10,0,1,1,2,0.384167,0.392046,0.760833,0.0833458
12,1,1,1,0,4,1,2,0.3825,0.381938,0.802917,0.180967
7,1,1,1,0,6,0,1,0.393333,0.390779,0.531667,0.174758
94,2,0,4,0,1,1,1,0.573333,0.542929,0.42625,0.385571
4,1,1,1,0,3,1,2,0.1075,0.119337,0.414583,0.1847
45,1,0,2,0,1,1,1,0.415,0.39835,0.375833,0.417908
307,4,1,11,0,5,1,1,0.355,0.356042,0.522083,0.266175
37,1,0,2,0,0,0,1,0.285833,0.291671,0.568333,0.1418
257,3,1,9,0,4,1,1,0.6125,0.579558,0.637083,0.0827208
233,3,1,8,0,1,1,2,0.635833,0.595967,0.734167,0.129979
240,3,1,8,0,1,1,1,0.703333,0.654688,0.730417,0.128733
20,1,1,1,0,5,1,2,0.2175,0.220958,0.45,0.20275
333,4,1,11,0,3,1,1,0.296667,0.289762,0.50625,0.210821
275,4,0,10,0,0,0,2,0.356667,0.345317,0.791667,0.222013
35,1,0,2,0,5,1,2,0.211304,0.228587,0.585217,0.127839
222,3,1,8,0,4,1,1,0.755833,0.699508,0.620417,0.1561
145,2,1,5,0,4,1,1,0.655,0.6067,0.716667,0.172896
190,3,0,7,0,6,0,1,0.733333,0.664158,0.609167,0.167912
223,3,1,8,0,5,1,2,0.715833,0.667942,0.715833,0.238813
237,3,1,8,0,5,1,2,0.7025,0.6471,0.615,0.0721458
167,2,0,6,0,4,1,2,0.628333,0.595346,0.688333,0.206471
265,3,0,9,0,4,1,2,0.628333,0.554963,0.902083,0.128125
129,2,0,5,0,1,1,1,0.5325,0.525246,0.58875,0.176
242,3,1,8,0,3,1,1,0.685,0.635733,0.552083,0.112562
238,3,1,8,0,6,0,2,0.661667,0.618696,0.712917,0.244408
245,3,1,9,0,6,0,2,0.753333,0.702654,0.638333,0.113187
271,4,0,9,0,3,1,2,0.635,0.575158,0.84875,0.148629
289,4,1,10,0,1,1,2,0.561667,0.53915,0.7075,0.296037
231,3,0,8,0,5,1,2,0.685,0.633221,0.722917,0.139308
270,4,0,9,0,2,1,2,0.636667,0.574525,0.885417,0.118171
314,4,1,11,0,5,1,1,0.361667,0.355413,0.540833,0.214558
254,3,0,9,0,0,0,1,0.653333,0.609229,0.71375,0.115054
293,4,0,10,0,4,1,1,0.475833,0.466525,0.63625,0.422275
323,4,0,11,0,6,0,1,0.329167,0.324483,0.502083,0.224496
88,2,0,3,0,2,1,1,0.3025,0.292908,0.314167,0.226996
31,1,0,1,0,1,1,2,0.180833,0.18625,0.60375,0.187192
110,2,1,4,0,4,1,1,0.498333,0.493046,0.6125,0.0659292
274,4,0,10,0,6,0,2,0.41,0.412863,0.75375,0.292296
10,1,1,1,0,2,1,1,0.308696,0.318826,0.646522,0.187552
174,3,1,6,0,5,1,1,0.7775,0.724121,0.57375,0.182842
282,4,0,10,0,0,0,1,0.540833,0.523983,0.7275,0.06345
155,2,0,6,0,6,0,1,0.635,0.594696,0.45625,0.123142
71,1,1,3,0,0,0,1,0.361739,0.35967,0.476957,0.222587
136,2,0,5,0,1,1,1,0.5775,0.550512,0.787917,0.126871
202,3,0,7,0,4,1,2,0.815,0.826371,0.69125,0.222021
332,4,0,11,0,1,1,1,0.503478,0.490122,0.743043,0.142122
258,3,0,9,0,4,1,2,0.5775,0.553671,0.709167,0.271146
54,1,0,2,0,3,1,1,0.221739,0.245717,0.423043,0.094113
341,4,0,12,0,3,1,3,0.41,0.400246,0.970417,0.266175
251,3,1,9,0,5,1,1,0.703333,0.657204,0.73625,0.171646
100,2,0,4,0,0,0,2,0.426667,0.426737,0.8575,0.146767
180,3,1,6,0,4,1,1,0.749167,0.675512,0.4225,0.17165
182,3,1,6,0,6,0,1,0.765,0.687508,0.60125,0.161071
45,1,1,2,0,2,1,2,0.319167,0.333946,0.50875,0.141179
18,1,0,1,0,2,1,2,0.216667,0.232333,0.861667,0.146775
358,1,0,12,0,6,0,1,0.3025,0.299242,0.5425,0.190304
44,1,1,2,0,1,1,1,0.2225,0.227913,0.41125,0.167283
147,2,0,5,0,5,1,1,0.681667,0.637008,0.65375,0.240679
313,4,0,11,0,3,1,1,0.4,0.409079,0.758333,0.0621958
287,4,0,10,0,5,1,2,0.550833,0.529675,0.71625,0.223883
158,2,1,6,0,3,1,1,0.554167,0.542292,0.61125,0.077125
244,3,1,8,0,5,1,1,0.764167,0.6894,0.5875,0.168533
196,3,0,7,0,5,1,1,0.663333,0.624371,0.59125,0.182833
105,2,0,4,1,5,0,1,0.446667,0.441913,0.67125,0.226375
142,2,0,5,0,0,0,1,0.604167,0.5745,0.749583,0.148008
102,2,1,4,0,3,1,1,0.348696,0.337274,0.469565,0.295274
185,3,1,7,0,2,1,1,0.780833,0.70265,0.492083,0.126237
33,1,0,2,0,3,1,2,0.26,0.254417,0.775417,0.264308
135,2,0,5,0,0,0,2,0.5625,0.536,0.867083,0.152979
181,3,0,6,0,4,1,1,0.696667,0.637008,0.434167,0.185312
153,2,1,6,0,5,1,2,0.654167,0.607962,0.755417,0.237563
185,3,0,7,1,1,0,2,0.726667,0.665417,0.637917,0.0814792
22,1,0,1,0,6,0,1,0.0591304,0.0790696,0.4,0.17197
229,3,1,8,0,4,1,1,0.719167,0.654688,0.519167,0.141796
50,1,1,2,0,0,0,2,0.28,0.265788,0.515833,0.253112
134,2,0,5,0,6,0,2,0.520833,0.500629,0.9225,0.13495
271,4,1,9,0,4,1,2,0.65,0.607975,0.690833,0.134342
246,3,1,9,0,0,0,2,0.696667,0.649,0.815,0.0640708
168,2,0,6,0,5,1,1,0.649167,0.600383,0.735833,0.143029
297,4,0,10,0,1,1,1,0.463333,0.457067,0.772083,0.118792
324,4,0,11,0,0,0,2,0.463333,0.457058,0.684583,0.18595
75,1,1,3,0,4,1,1,0.5575,0.532825,0.579583,0.149883
252,3,1,9,0,6,0,2,0.659167,0.611121,0.799167,0.281104
32,1,1,2,0,3,1,1,0.469167,0.466538,0.507917,0.189067
39,1,1,2,0,3,1,2,0.256667,0.266421,0.722917,0.133721
300,4,1,10,0,5,1,2,0.545833,0.52275,0.807083,0.132467
310,4,0,11,0,0,0,1,0.348333,0.362358,0.734583,0.0920542
197,3,1,7,0,0,0,1,0.745833,0.705196,0.717917,0.166667
150,2,1,5,0,2,1,1,0.7225,0.672992,0.684583,0.2954
206,3,1,7,0,2,1,1,0.750833,0.70645,0.655,0.211454
290,4,1,10,0,2,1,1,0.468333,0.460846,0.558333,0.182221
25,1,0,1,0,2,1,2,0.223478,0.234526,0.616957,0.129796
46,1,1,2,0,3,1,1,0.348333,0.351629,0.53125,0.1816
6,1,1,1,0,5,1,1,0.334167,0.340267,0.542083,0.167908
285,4,1,10,0,4,1,1,0.435,0.431167,0.463333,0.181596
336,4,0,12,0,5,1,1,0.314167,0.331433,0.625833,0.100754
88,2,1,3,0,3,1,1,0.484167,0.47095,0.48125,0.291671
285,4,0,10,0,3,1,3,0.543333,0.517717,0.90625,0.24815
117,2,0,4,0,3,1,2,0.62,0.575142,0.835417,0.3122
5,1,0,1,0,3,1,1,0.226957,0.22927,0.436957,0.1869
241,3,1,8,0,2,1,1,0.728333,0.66605,0.62,0.190925
151,2,0,5,0,2,1,1,0.775,0.725383,0.636667,0.111329
348,4,0,12,0,3,1,2,0.3175,0.338362,0.66375,0.0609583
356,1,0,12,0,4,1,2,0.423333,0.426121,0.7575,0.047275
98,2,0,4,0,5,1,2,0.335833,0.324479,0.83625,0.226992
190,3,1,7,0,0,0,1,0.8225,0.790396,0.57375,0.125629
226,3,0,8,0,0,0,2,0.676667,0.624388,0.8175,0.222633
99,2,1,4,0,0,0,1,0.5,0.492425,0.275833,0.232596
366,1,1,12,0,1,1,2,0.215833,0.223487,0.5775,0.154846
351,4,1,12,0,0,0,2,0.3625,0.369938,0.83875,0.100742
342,4,0,12,0,4,1,1,0.265833,0.256938,0.58,0.240058
3,1,1,1,0,2,1,1,0.15,0.126275,0.44125,0.365671
327,4,1,11,1,4,0,1,0.34,0.350371,0.580417,0.0528708
224,3,0,8,0,5,1,1,0.708333,0.654042,0.415,0.125621
42,1,0,2,0,5,1,1,0.189091,0.213509,0.506364,0.10855
101,2,0,4,0,1,1,2,0.595652,0.565217,0.716956,0.324474
17,1,1,1,0,2,1,2,0.373043,0.364278,0.716087,0.34913
322,4,0,11,0,5,1,1,0.274167,0.272721,0.41,0.168533
16,1,0,1,0,0,0,1,0.231667,0.234217,0.48375,0.188433
84,2,1,3,0,6,0,2,0.5025,0.486733,0.885417,0.192783
278,4,1,10,0,4,1,2,0.6575,0.607975,0.722917,0.117546
108,2,0,4,0,1,1,1,0.5125,0.503146,0.5425,0.163567
330,4,0,11,0,6,0,1,0.375833,0.385087,0.681667,0.0684208
46,1,0,2,0,2,1,1,0.266087,0.254274,0.314348,0.291374
235,3,0,8,0,2,1,1,0.640833,0.606067,0.455417,0.146763
75,1,0,3,0,3,1,2,0.365217,0.36693,0.776522,0.203117
55,1,0,2,0,4,1,2,0.295652,0.289191,0.697391,0.250496
337,4,0,12,0,6,0,1,0.299167,0.310604,0.612917,0.0957833
151,2,1,5,0,3,1,2,0.656667,0.611129,0.67,0.134329
66,1,0,3,0,1,1,1,0.261739,0.238461,0.551304,0.341352
260,3,0,9,0,6,0,2,0.491667,0.478512,0.718333,0.189675
180,3,0,6,0,3,1,1,0.728333,0.654688,0.497917,0.261821
296,4,1,10,0,1,1,1,0.4875,0.482942,0.568333,0.0814833
350,4,1,12,0,6,0,1,0.324167,0.338383,0.650417,0.10635
311,4,1,11,0,2,1,1,0.280833,0.281567,0.567083,0.173513
198,3,1,7,0,1,1,1,0.763333,0.724125,0.645,0.164187
149,2,0,5,0,0,0,1,0.6675,0.61555,0.81875,0.213938
281,4,0,10,0,6,0,1,0.521667,0.513242,0.70125,0.0454042
162,2,1,6,0,0,0,1,0.726667,0.663517,0.538333,0.133721
82,2,0,3,0,3,1,2,0.346957,0.337939,0.839565,0.234261
122,2,0,5,0,1,1,2,0.549167,0.532833,0.73,0.183454
105,2,1,4,0,6,0,1,0.495,0.487996,0.502917,0.190917
156,2,0,6,0,0,0,2,0.648333,0.616804,0.6525,0.138692
229,3,0,8,0,3,1,1,0.723333,0.666671,0.575417,0.143667
30,1,0,1,0,0,0,1,0.216522,0.250322,0.722174,0.0739826
281,4,1,10,0,0,0,2,0.415833,0.419813,0.708333,0.141162
335,4,1,11,0,5,1,1,0.298333,0.323867,0.649583,0.0584708
58,1,0,2,0,0,0,1,0.343478,0.351109,0.68,0.125248
97,2,1,4,0,5,1,1,0.403333,0.390767,0.377083,0.300388
279,4,1,10,0,5,1,1,0.615,0.580187,0.6275,0.10635
114,2,1,4,0,1,1,2,0.321667,0.301125,0.766667,0.303496
247,3,0,9,0,0,0,1,0.709167,0.665429,0.742083,0.206467
95,2,1,4,0,3,1,1,0.541667,0.53345,0.469583,0.180975
120,2,1,4,0,0,0,1,0.458333,0.450121,0.587083,0.116908
364,1,0,12,0,5,1,1,0.311667,0.318812,0.636667,0.134337
318,4,0,11,0,1,1,1,0.53,0.524612,0.587083,0.306596
241,3,0,8,0,1,1,1,0.636667,0.607958,0.554583,0.159825
118,2,0,4,0,4,1,2,0.6175,0.578929,0.700833,0.320908
346,4,1,12,0,2,1,2,0.353333,0.338363,0.596667,0.296037
206,3,0,7,0,1,1,1,0.743333,0.720958,0.757083,0.0908083
15,1,1,1,0,0,0,1,0.166667,0.161625,0.419167,0.251258
101,2,1,4,0,2,1,1,0.446667,0.436233,0.435,0.249375
286,4,0,10,0,4,1,2,0.589167,0.551804,0.896667,0.141787
174,3,0,6,0,4,1,2,0.728333,0.693833,0.703333,0.238804
221,3,0,8,0,2,1,1,0.775,0.724121,0.570417,0.151121
159,2,0,6,0,3,1,1,0.775833,0.727279,0.622083,0.136817
62,1,0,3,0,4,1,1,0.198333,0.200133,0.318333,0.225754
41,1,1,2,0,5,1,2,0.280833,0.293558,0.54,0.116929
251,3,0,9,0,4,1,3,0.633913,0.555361,0.939565,0.192748
106,2,0,4,0,6,0,3,0.430833,0.425492,0.888333,0.340808
134,2,1,5,0,0,0,1,0.6125,0.585238,0.57625,0.225117
113,2,0,4,0,6,0,2,0.46,0.450121,0.887917,0.230725
103,2,0,4,0,3,1,2,0.4125,0.417283,0.819167,0.250617
175,3,1,6,0,6,0,1,0.731667,0.652792,0.534583,0.179721
145,2,0,5,0,3,1,1,0.660833,0.615542,0.69625,0.154233
363,1,0,12,0,4,1,1,0.248333,0.263892,0.574167,0.119412
74,1,0,3,0,2,1,2,0.317391,0.318178,0.655652,0.184309
37,1,1,2,0,1,1,1,0.282609,0.296426,0.622174,0.1538
321,4,0,11,0,4,1,2,0.341667,0.323221,0.575833,0.305362
187,3,1,7,0,4,1,1,0.8275,0.761367,0.457917,0.194029
57,1,0,2,0,6,0,1,0.2825,0.282192,0.537917,0.186571
122,2,1,5,0,2,1,2,0.613333,0.577021,0.659583,0.156096
56,1,1,2,0,6,0,1,0.290833,0.255675,0.395833,0.421642
340,4,0,12,0,2,1,3,0.4625,0.4564,0.949583,0.232583
249,3,1,9,0,3,1,1,0.736667,0.708983,0.74125,0.187808
70,1,0,3,0,5,1,2,0.316522,0.305,0.649565,0.23297
353,4,1,12,0,2,1,1,0.410833,0.409708,0.66625,0.221404
154,2,0,6,0,5,1,1,0.62,0.587133,0.354167,0.253121
36,1,0,2,0,6,0,2,0.233333,0.243058,0.929167,0.161079
225,3,0,8,0,6,0,2,0.685833,0.645858,0.729583,0.211454
213,3,1,7,0,2,1,1,0.713333,0.662896,0.704167,0.165425
277,4,1,10,0,3,1,2,0.6575,0.599133,0.79375,0.0665458
184,3,0,7,0,0,0,2,0.716667,0.668575,0.6825,0.228858
306,4,0,11,0,3,1,1,0.3775,0.390133,0.71875,0.0820917
319,4,1,11,0,3,1,1,0.289167,0.281563,0.552083,0.199625
320,4,1,11,0,4,1,2,0.321667,0.324492,0.620417,0.152987
329,4,0,11,0,5,1,1,0.375,0.380671,0.64375,0.0988958
359,1,0,12,0,0,0,1,0.274783,0.279961,0.681304,0.155091
168,2,1,6,0,6,0,1,0.631667,0.594708,0.504167,0.166667
179,3,0,6,0,2,1,1,0.744167,0.692558,0.634167,0.144283
218,3,0,8,0,6,0,2,0.716667,0.676154,0.755,0.22825
124,2,0,5,0,3,1,2,0.414167,0.40465,0.737083,0.328996
195,3,1,7,0,5,1,2,0.731667,0.667933,0.485833,0.08085
176,3,1,6,0,0,0,1,0.743333,0.674254,0.479167,0.145525
140,2,0,5,0,5,1,1,0.536667,0.529042,0.719583,0.125013
93,2,0,4,0,0,0,1,0.378333,0.378767,0.48,0.182213
312,4,1,11,0,3,1,2,0.295833,0.274621,0.5475,0.304108
213,3,0,8,0,1,1,1,0.771667,0.703292,0.550833,0.156717
109,2,0,4,0,2,1,2,0.505833,0.489258,0.665833,0.157971
328,4,1,11,0,5,1,1,0.368333,0.378779,0.56875,0.148021
247,3,1,9,1,1,0,1,0.7075,0.661629,0.790833,0.151121
29,1,1,1,0,0,0,1,0.2825,0.272721,0.31125,0.24005
132,2,1,5,0,5,1,1,0.533333,0.520833,0.360417,0.236937
231,3,1,8,0,6,0,1,0.678333,0.618071,0.603333,0.177867
91,2,0,4,0,5,1,2,0.3,0.283454,0.68625,0.258708
344,4,0,12,0,6,0,1,0.275,0.266412,0.5075,0.233221
13,1,0,1,0,4,1,1,0.165,0.150883,0.470417,0.301
83,2,1,3,0,5,1,2,0.601667,0.570067,0.694167,0.1163
234,3,0,8,0,1,1,1,0.691667,0.638254,0.47,0.27675
336,4,1,12,0,6,0,2,0.298333,0.316904,0.806667,0.0597042
2,1,0,1,0,0,0,2,0.363478,0.353739,0.696087,0.248539
9,1,0,1,0,0,0,1,0.138333,0.116175,0.434167,0.36195
11,1,0,1,0,2,1,2,0.169091,0.191464,0.686364,0.122132
15,1,0,1,0,6,0,2,0.233333,0.248112,0.49875,0.157963
19,1,0,1,0,3,1,2,0.292174,0.298422,0.741739,0.208317
28,1,0,1,0,5,1,2,0.203478,0.223317,0.793043,0.1233
32,1,0,2,0,2,1,2,0.192174,0.23453,0.829565,0.053213
38,1,0,2,0,1,1,1,0.271667,0.303658,0.738333,0.0454083
41,1,0,2,0,4,1,1,0.144348,0.149548,0.437391,0.221935
49,1,0,2,0,5,1,1,0.521667,0.511983,0.516667,0.264925
50,1,0,2,0,6,0,1,0.399167,0.391404,0.187917,0.507463
51,1,0,2,0,0,0,1,0.285217,0.27733,0.407826,0.223235
53,1,0,2,0,2,1,1,0.182222,0.186033,0.577778,0.195683
56,1,0,2,0,5,1,2,0.364348,0.350461,0.712174,0.346539
65,1,0,3,0,0,0,2,0.376522,0.366252,0.948261,0.343287
69,1,0,3,0,4,1,3,0.389091,0.385668,0.0,0.261877
76,1,0,3,0,4,1,1,0.415,0.410333,0.602917,0.209579
77,1,0,3,0,5,1,1,0.54,0.527009,0.525217,0.231017
80,2,0,3,0,1,1,2,0.430435,0.409735,0.737391,0.288783
86,2,0,3,0,0,0,2,0.253043,0.250339,0.493913,0.1843
104,2,0,4,0,4,1,1,0.4675,0.462742,0.540417,0.1107
114,2,0,4,0,0,0,2,0.581667,0.551763,0.810833,0.192175
119,2,0,4,0,5,1,1,0.51,0.497463,0.457083,0.240063
123,2,0,5,0,2,1,2,0.616667,0.582079,0.697083,0.342667
143,2,0,5,0,1,1,2,0.631667,0.590296,0.81,0.233842
157,2,0,6,0,1,1,1,0.678333,0.621858,0.6,0.121896
158,2,0,6,0,2,1,1,0.7075,0.65595,0.597917,0.187808
163,2,0,6,0,0,0,1,0.6925,0.643325,0.747917,0.163567
171,2,0,6,0,1,1,2,0.635,0.595346,0.74625,0.155475
173,3,0,6,0,3,1,1,0.733333,0.693829,0.7075,0.172262
176,3,0,6,0,6,0,1,0.695,0.643313,0.483333,0.209571
182,3,0,7,0,5,1,1,0.7225,0.652162,0.39625,0.102608
188,3,0,7,0,4,1,1,0.75,0.686871,0.65125,0.1592
194,3,0,7,0,3,1,1,0.746667,0.689404,0.631667,0.146133
197,3,0,7,0,6,0,1,0.686667,0.638263,0.585,0.208342
203,3,0,7,0,5,1,1,0.848333,0.840896,0.580417,0.1331
211,3,0,7,0,6,0,1,0.804167,0.728537,0.465833,0.168537
212,3,0,7,0,0,0,1,0.805833,0.729796,0.480833,0.164813
215,3,0,8,0,3,1,2,0.731667,0.679937,0.6575,0.135583
216,3,0,8,0,4,1,2,0.71,0.664788,0.7575,0.19715
223,3,0,8,0,4,1,1,0.7175,0.651521,0.42375,0.164796
237,3,0,8,0,4,1,2,0.684167,0.645854,0.771667,0.210833
240,3,0,8,0,0,0,1,0.707059,0.647959,0.561765,0.304659
243,3,0,8,0,3,1,1,0.656667,0.611121,0.597917,0.0833333
244,3,0,9,0,4,1,1,0.655,0.614921,0.639167,0.141796
248,3,0,9,1,1,0,2,0.673333,0.625646,0.790417,0.212696
250,3,0,9,0,3,1,3,0.599167,0.544229,0.917083,0.0970208
252,3,0,9,0,5,1,2,0.65,0.578946,0.897917,0.124379
253,3,0,9,0,6,0,1,0.66,0.607962,0.75375,0.153608
256,3,0,9,0,2,1,1,0.650833,0.603554,0.7125,0.141804
262,3,0,9,0,1,1,2,0.549167,0.529675,0.69,0.151742
264,3,0,9,0,3,1,2,0.595,0.550533,0.9,0.0964042
267,4,0,9,0,6,0,2,0.606667,0.564412,0.8625,0.0783833
268,4,0,9,0,0,0,2,0.634167,0.572637,0.845,0.0503792
269,4,0,9,0,1,1,2,0.649167,0.589042,0.848333,0.1107
272,4,0,9,0,4,1,1,0.616667,0.574512,0.699167,0.172883
273,4,0,9,0,5,1,1,0.564167,0.544829,0.6475,0.206475
280,4,0,10,0,5,1,1,0.510833,0.504404,0.684167,0.0223917
294,4,0,10,0,5,1,1,0.4275,0.423596,0.574167,0.221396
300,4,0,10,0,4,1,2,0.47,0.457046,0.812917,0.197763
302,4,0,10,0,6,0,3,0.254167,0.227913,0.8825,0.351371
319,4,0,11,0,2,1,2,0.53,0.507579,0.68875,0.199633
320,4,0,11,0,3,1,3,0.456667,0.451988,0.93,0.136829
331,4,0,11,0,0,0,1,0.459167,0.4558,0.698333,0.208954
333,4,0,11,0,2,1,2,0.458333,0.451375,0.830833,0.258092
334,4,0,11,0,3,1,1,0.325,0.311221,0.613333,0.271158
347,4,0,12,0,2,1,1,0.2825,0.301138,0.59,0.14055
352,4,0,12,0,0,0,1,0.238333,0.245579,0.58625,0.169779
355,1,0,12,0,3,1,2,0.428333,0.428017,0.858333,0.2214
357,1,0,12,0,5,1,1,0.373333,0.377513,0.68625,0.274246
361,1,0,12,0,2,1,2,0.325,0.327633,0.7625,0.18845
1,1,1,1,0,0,0,1,0.37,0.375621,0.6925,0.192167
2,1,1,1,1,1,0,1,0.273043,0.252304,0.381304,0.329665
5,1,1,1,0,4,1,1,0.265833,0.278412,0.524167,0.129987
18,1,1,1,0,3,1,1,0.303333,0.275254,0.443333,0.415429
22,1,1,1,0,0,0,2,0.1625,0.16225,0.79625,0.199638
25,1,1,1,0,3,1,1,0.294167,0.294821,0.64375,0.161071
26,1,1,1,0,4,1,2,0.341667,0.35605,0.769583,0.0733958
28,1,1,1,0,6,0,1,0.315833,0.326379,0.543333,0.210829
35,1,1,2,0,6,0,2,0.264167,0.272725,0.779583,0.121896
40,1,1,2,0,4,1,1,0.265,0.261988,0.562083,0.194037
42,1,1,2,0,6,0,3,0.224167,0.210867,0.73125,0.289796
49,1,1,2,0,6,0,1,0.346667,0.355425,0.534583,0.190929
51,1,1,2,1,1,0,1,0.28,0.273391,0.507826,0.229083
55,1,1,2,0,5,1,2,0.4075,0.410971,0.7375,0.237567
68,1,1,3,0,4,1,1,0.5275,0.524604,0.5675,0.441563
73,1,1,3,0,2,1,1,0.565,0.542929,0.6175,0.23695
79,1,1,3,0,1,1,1,0.545,0.532821,0.72875,0.162317
85,2,1,3,0,0,0,2,0.4375,0.437488,0.880833,0.220775
92,2,1,4,0,0,0,2,0.425833,0.417287,0.67625,0.172267
93,2,1,4,0,1,1,1,0.433913,0.427513,0.504348,0.312139
98,2,1,4,0,6,0,1,0.4375,0.426129,0.254167,0.274871
106,2,1,4,0,0,0,1,0.606667,0.573875,0.507917,0.225129
111,2,1,4,0,5,1,1,0.526667,0.515775,0.694583,0.149871
112,2,1,4,0,6,0,1,0.57,0.542921,0.682917,0.283587
118,2,1,4,0,5,1,1,0.4575,0.452637,0.400833,0.347633
119,2,1,4,0,6,0,2,0.376667,0.377504,0.489583,0.129975
121,2,1,4,0,1,1,2,0.464167,0.457696,0.57,0.171638
123,2,1,5,0,3,1,1,0.564167,0.537896,0.797083,0.138058
131,2,1,5,0,4,1,1,0.505833,0.491783,0.552083,0.314063
135,2,1,5,0,1,1,2,0.573333,0.5499,0.789583,0.212692
140,2,1,5,0,6,0,1,0.6,0.566908,0.45625,0.083975
147,2,1,5,0,6,0,1,0.6925,0.642696,0.7325,0.198992
149,2,1,5,1,1,0,1,0.7125,0.6793,0.67625,0.196521
154,2,1,6,0,6,0,1,0.583333,0.566288,0.549167,0.186562
157,2,1,6,0,2,1,2,0.540833,0.525892,0.613333,0.209575
159,2,1,6,0,4,1,1,0.6025,0.569442,0.567083,0.15735
165,2,1,6,0,3,1,1,0.655833,0.611117,0.582083,0.343279
167,2,1,6,0,5,1,1,0.639167,0.599754,0.589583,0.176617
189,3,1,7,0,6,0,1,0.861667,0.804913,0.492083,0.163554
193,3,1,7,0,3,1,1,0.716667,0.650271,0.633333,0.151733
202,3,1,7,0,5,1,2,0.665833,0.613025,0.844167,0.208967
203,3,1,7,0,6,0,3,0.595833,0.549912,0.865417,0.2133
205,3,1,7,0,1,1,1,0.741667,0.690017,0.694167,0.138683
208,3,1,7,0,4,1,1,0.776667,0.739263,0.596667,0.284813
209,3,1,7,0,5,1,1,0.781667,0.734217,0.594583,0.152992
211,3,1,7,0,0,0,1,0.721667,0.667933,0.62375,0.170396
212,3,1,7,0,1,1,1,0.730833,0.684987,0.66875,0.153617
214,3,1,8,0,3,1,1,0.7175,0.667308,0.6775,0.141179
215,3,1,8,0,4,1,1,0.7525,0.707088,0.659583,0.129354
216,3,1,8,0,5,1,2,0.765833,0.722867,0.6425,0.215792
218,3,1,8,0,0,0,1,0.769167,0.731079,0.6525,0.290421
226,3,1,8,0,1,1,1,0.720833,0.662254,0.545417,0.136212
232,3,1,8,0,0,0,2,0.635833,0.603554,0.711667,0.08645
243,3,1,8,0,4,1,1,0.706667,0.652779,0.590417,0.0771167
254,3,1,9,0,1,1,1,0.583333,0.565654,0.50375,0.258713
259,3,1,9,0,6,0,1,0.608333,0.585867,0.501667,0.247521
262,3,1,9,0,2,1,2,0.623333,0.565067,0.8725,0.357587
267,4,1,9,0,0,0,1,0.529167,0.518933,0.467083,0.223258
268,4,1,9,0,1,1,1,0.514167,0.502513,0.492917,0.142404
272,4,1,9,0,5,1,2,0.619167,0.585863,0.69,0.164179
283,4,1,10,0,2,1,2,0.446667,0.438112,0.761667,0.1903
284,4,1,10,0,3,1,1,0.514167,0.503142,0.630833,0.187821
291,4,1,10,0,3,1,1,0.455833,0.450108,0.692917,0.101371
298,4,1,10,0,3,1,1,0.5875,0.558721,0.63625,0.0727792
299,4,1,10,0,4,1,2,0.55,0.529688,0.800417,0.124375
305,4,1,10,0,3,1,2,0.3575,0.3611,0.666667,0.166667
309,4,1,11,0,0,0,1,0.325833,0.329538,0.532917,0.179108
310,4,1,11,0,1,1,1,0.319167,0.308075,0.494167,0.236325
315,4,1,11,0,6,0,1,0.389167,0.393937,0.645417,0.0578458
324,4,1,11,0,1,1,2,0.380833,0.375621,0.623333,0.235067
338,4,1,12,0,1,1,1,0.4525,0.455796,0.7675,0.0827208
339,4,1,12,0,2,1,1,0.475833,0.469054,0.73375,0.174129
345,4,1,12,0,1,1,2,0.435833,0.435575,0.925,0.190308
360,1,1,12,1,2,0,2,0.291304,0.294465,0.734783,0.168726
364,1,1,12,0,6,0,2,0.253333,0.2424,0.752917,0.124383
365,1,1,12,0,0,0,1,0.255833,0.2317,0.483333,0.350754
